{
"type": "FeatureCollection",
"name": "Meisenfunde",
"crs": { "type": "name", "properties": { "name": "urn:ogc:def:crs:OGC:1.3:CRS84" } },
"features": [
{ "type": "Feature", "properties": { "species": "Parus major", "taxon_id": 203153, "latitude": 52.4270329, "longitude": 13.222879199699999, "date": "2024-12-27", "year": 2024, "month": 12 }, "geometry": { "type": "Point", "coordinates": [ 13.222879199699999, 52.4270329 ] } },
{ "type": "Feature", "properties": { "species": "Parus major", "taxon_id": 203153, "latitude": 52.62155844, "longitude": 13.46846045, "date": "2024-12-16", "year": 2024, "month": 12 }, "geometry": { "type": "Point", "coordinates": [ 13.46846045, 52.62155844 ] } },
{ "type": "Feature", "properties": { "species": "Parus major", "taxon_id": 203153, "latitude": 52.527158096400001, "longitude": 13.4327778608, "date": "2024-12-15", "year": 2024, "month": 12 }, "geometry": { "type": "Point", "coordinates": [ 13.4327778608, 52.527158096400001 ] } },
{ "type": "Feature", "properties": { "species": "Parus major", "taxon_id": 203153, "latitude": 52.992038302899999, "longitude": 14.177380258099999, "date": "2024-12-13", "year": 2024, "month": 12 }, "geometry": { "type": "Point", "coordinates": [ 14.177380258099999, 52.992038302899999 ] } },
{ "type": "Feature", "properties": { "species": "Parus major", "taxon_id": 203153, "latitude": 52.504142631900002, "longitude": 13.2475816179, "date": "2024-12-05", "year": 2024, "month": 12 }, "geometry": { "type": "Point", "coordinates": [ 13.2475816179, 52.504142631900002 ] } },
{ "type": "Feature", "properties": { "species": "Parus major", "taxon_id": 203153, "latitude": 52.505088333499998, "longitude": 13.255095, "date": "2024-12-05", "year": 2024, "month": 12 }, "geometry": { "type": "Point", "coordinates": [ 13.255095, 52.505088333499998 ] } },
{ "type": "Feature", "properties": { "species": "Parus major", "taxon_id": 203153, "latitude": 52.514408333299997, "longitude": 13.3931783333, "date": "2024-12-04", "year": 2024, "month": 12 }, "geometry": { "type": "Point", "coordinates": [ 13.3931783333, 52.514408333299997 ] } },
{ "type": "Feature", "properties": { "species": "Parus major", "taxon_id": 203153, "latitude": 52.4913833333, "longitude": 13.463145, "date": "2024-12-03", "year": 2024, "month": 12 }, "geometry": { "type": "Point", "coordinates": [ 13.463145, 52.4913833333 ] } },
{ "type": "Feature", "properties": { "species": "Parus major", "taxon_id": 203153, "latitude": 52.488413333499999, "longitude": 13.469455, "date": "2024-12-03", "year": 2024, "month": 12 }, "geometry": { "type": "Point", "coordinates": [ 13.469455, 52.488413333499999 ] } },
{ "type": "Feature", "properties": { "species": "Parus major", "taxon_id": 203153, "latitude": 52.4884833335, "longitude": 13.46955, "date": "2024-12-03", "year": 2024, "month": 12 }, "geometry": { "type": "Point", "coordinates": [ 13.46955, 52.4884833335 ] } },
{ "type": "Feature", "properties": { "species": "Parus major", "taxon_id": 203153, "latitude": 52.488791673500003, "longitude": 13.463036666700001, "date": "2024-12-03", "year": 2024, "month": 12 }, "geometry": { "type": "Point", "coordinates": [ 13.463036666700001, 52.488791673500003 ] } },
{ "type": "Feature", "properties": { "species": "Parus major", "taxon_id": 203153, "latitude": 52.488788333499997, "longitude": 13.4630616667, "date": "2024-12-03", "year": 2024, "month": 12 }, "geometry": { "type": "Point", "coordinates": [ 13.4630616667, 52.488788333499997 ] } },
{ "type": "Feature", "properties": { "species": "Parus major", "taxon_id": 203153, "latitude": 52.48835, "longitude": 13.463041666700001, "date": "2024-12-03", "year": 2024, "month": 12 }, "geometry": { "type": "Point", "coordinates": [ 13.463041666700001, 52.48835 ] } },
{ "type": "Feature", "properties": { "species": "Parus major", "taxon_id": 203153, "latitude": 52.488841673499998, "longitude": 13.462891666699999, "date": "2024-12-03", "year": 2024, "month": 12 }, "geometry": { "type": "Point", "coordinates": [ 13.462891666699999, 52.488841673499998 ] } },
{ "type": "Feature", "properties": { "species": "Parus major", "taxon_id": 203153, "latitude": 52.502905, "longitude": 13.3219533333, "date": "2024-12-03", "year": 2024, "month": 12 }, "geometry": { "type": "Point", "coordinates": [ 13.3219533333, 52.502905 ] } },
{ "type": "Feature", "properties": { "species": "Parus major", "taxon_id": 203153, "latitude": 52.2447383505, "longitude": 13.770571053, "date": "2024-12-03", "year": 2024, "month": 12 }, "geometry": { "type": "Point", "coordinates": [ 13.770571053, 52.2447383505 ] } },
{ "type": "Feature", "properties": { "species": "Parus major", "taxon_id": 203153, "latitude": 52.512201766499999, "longitude": 13.3599164278, "date": "2024-12-02", "year": 2024, "month": 12 }, "geometry": { "type": "Point", "coordinates": [ 13.3599164278, 52.512201766499999 ] } },
{ "type": "Feature", "properties": { "species": "Parus major", "taxon_id": 203153, "latitude": 52.511271666699997, "longitude": 13.3633383333, "date": "2024-12-02", "year": 2024, "month": 12 }, "geometry": { "type": "Point", "coordinates": [ 13.3633383333, 52.511271666699997 ] } },
{ "type": "Feature", "properties": { "species": "Parus major", "taxon_id": 203153, "latitude": 52.511300003499997, "longitude": 13.36343, "date": "2024-12-02", "year": 2024, "month": 12 }, "geometry": { "type": "Point", "coordinates": [ 13.36343, 52.511300003499997 ] } },
{ "type": "Feature", "properties": { "species": "Parus major", "taxon_id": 203153, "latitude": 52.511355, "longitude": 13.3634833333, "date": "2024-12-02", "year": 2024, "month": 12 }, "geometry": { "type": "Point", "coordinates": [ 13.3634833333, 52.511355 ] } },
{ "type": "Feature", "properties": { "species": "Parus major", "taxon_id": 203153, "latitude": 52.512025, "longitude": 13.361763333300001, "date": "2024-12-02", "year": 2024, "month": 12 }, "geometry": { "type": "Point", "coordinates": [ 13.361763333300001, 52.512025 ] } },
{ "type": "Feature", "properties": { "species": "Parus major", "taxon_id": 203153, "latitude": 52.511953333299999, "longitude": 13.3619783333, "date": "2024-12-02", "year": 2024, "month": 12 }, "geometry": { "type": "Point", "coordinates": [ 13.3619783333, 52.511953333299999 ] } },
{ "type": "Feature", "properties": { "species": "Parus major", "taxon_id": 203153, "latitude": 52.511986673499997, "longitude": 13.361953333300001, "date": "2024-12-02", "year": 2024, "month": 12 }, "geometry": { "type": "Point", "coordinates": [ 13.361953333300001, 52.511986673499997 ] } },
{ "type": "Feature", "properties": { "species": "Parus major", "taxon_id": 203153, "latitude": 52.511946666699998, "longitude": 13.3623166667, "date": "2024-12-02", "year": 2024, "month": 12 }, "geometry": { "type": "Point", "coordinates": [ 13.3623166667, 52.511946666699998 ] } },
{ "type": "Feature", "properties": { "species": "Parus major", "taxon_id": 203153, "latitude": 52.512333333299999, "longitude": 13.361695, "date": "2024-12-02", "year": 2024, "month": 12 }, "geometry": { "type": "Point", "coordinates": [ 13.361695, 52.512333333299999 ] } },
{ "type": "Feature", "properties": { "species": "Parus major", "taxon_id": 203153, "latitude": 52.512495, "longitude": 13.3616033333, "date": "2024-12-02", "year": 2024, "month": 12 }, "geometry": { "type": "Point", "coordinates": [ 13.3616033333, 52.512495 ] } },
{ "type": "Feature", "properties": { "species": "Parus major", "taxon_id": 203153, "latitude": 52.512486666699999, "longitude": 13.3615716667, "date": "2024-12-02", "year": 2024, "month": 12 }, "geometry": { "type": "Point", "coordinates": [ 13.3615716667, 52.512486666699999 ] } },
{ "type": "Feature", "properties": { "species": "Parus major", "taxon_id": 203153, "latitude": 52.512445, "longitude": 13.361216666700001, "date": "2024-12-02", "year": 2024, "month": 12 }, "geometry": { "type": "Point", "coordinates": [ 13.361216666700001, 52.512445 ] } },
{ "type": "Feature", "properties": { "species": "Parus major", "taxon_id": 203153, "latitude": 52.512408333300002, "longitude": 13.36103, "date": "2024-12-02", "year": 2024, "month": 12 }, "geometry": { "type": "Point", "coordinates": [ 13.36103, 52.512408333300002 ] } },
{ "type": "Feature", "properties": { "species": "Parus major", "taxon_id": 203153, "latitude": 52.512650003499999, "longitude": 13.358853333300001, "date": "2024-12-02", "year": 2024, "month": 12 }, "geometry": { "type": "Point", "coordinates": [ 13.358853333300001, 52.512650003499999 ] } },
{ "type": "Feature", "properties": { "species": "Parus major", "taxon_id": 203153, "latitude": 52.512800665999997, "longitude": 13.357599110700001, "date": "2024-12-02", "year": 2024, "month": 12 }, "geometry": { "type": "Point", "coordinates": [ 13.357599110700001, 52.512800666 ] } },
{ "type": "Feature", "properties": { "species": "Parus major", "taxon_id": 203153, "latitude": 52.513225145299998, "longitude": 13.3555257753, "date": "2024-12-02", "year": 2024, "month": 12 }, "geometry": { "type": "Point", "coordinates": [ 13.3555257753, 52.513225145299998 ] } },
{ "type": "Feature", "properties": { "species": "Parus major", "taxon_id": 203153, "latitude": 52.513043928099997, "longitude": 13.3556308457, "date": "2024-12-02", "year": 2024, "month": 12 }, "geometry": { "type": "Point", "coordinates": [ 13.3556308457, 52.513043928099997 ] } },
{ "type": "Feature", "properties": { "species": "Parus major", "taxon_id": 203153, "latitude": 52.515588570699997, "longitude": 13.351903719499999, "date": "2024-12-02", "year": 2024, "month": 12 }, "geometry": { "type": "Point", "coordinates": [ 13.351903719499999, 52.515588570699997 ] } },
{ "type": "Feature", "properties": { "species": "Parus major", "taxon_id": 203153, "latitude": 52.516258333499998, "longitude": 13.3499366667, "date": "2024-12-02", "year": 2024, "month": 12 }, "geometry": { "type": "Point", "coordinates": [ 13.3499366667, 52.516258333499998 ] } },
{ "type": "Feature", "properties": { "species": "Parus major", "taxon_id": 203153, "latitude": 52.516321666700001, "longitude": 13.3499533333, "date": "2024-12-02", "year": 2024, "month": 12 }, "geometry": { "type": "Point", "coordinates": [ 13.3499533333, 52.516321666700001 ] } },
{ "type": "Feature", "properties": { "species": "Parus major", "taxon_id": 203153, "latitude": 52.517033600200001, "longitude": 13.346261567899999, "date": "2024-12-02", "year": 2024, "month": 12 }, "geometry": { "type": "Point", "coordinates": [ 13.346261567899999, 52.517033600200001 ] } },
{ "type": "Feature", "properties": { "species": "Parus major", "taxon_id": 203153, "latitude": 52.517271666699997, "longitude": 13.3463716667, "date": "2024-12-02", "year": 2024, "month": 12 }, "geometry": { "type": "Point", "coordinates": [ 13.3463716667, 52.517271666699997 ] } },
{ "type": "Feature", "properties": { "species": "Parus major", "taxon_id": 203153, "latitude": 52.51727, "longitude": 13.346375, "date": "2024-12-02", "year": 2024, "month": 12 }, "geometry": { "type": "Point", "coordinates": [ 13.346375, 52.51727 ] } },
{ "type": "Feature", "properties": { "species": "Parus major", "taxon_id": 203153, "latitude": 52.517266666700003, "longitude": 13.346378333300001, "date": "2024-12-02", "year": 2024, "month": 12 }, "geometry": { "type": "Point", "coordinates": [ 13.346378333300001, 52.517266666700003 ] } },
{ "type": "Feature", "properties": { "species": "Parus major", "taxon_id": 203153, "latitude": 52.517333333499998, "longitude": 13.346391666700001, "date": "2024-12-02", "year": 2024, "month": 12 }, "geometry": { "type": "Point", "coordinates": [ 13.346391666700001, 52.517333333499998 ] } },
{ "type": "Feature", "properties": { "species": "Parus major", "taxon_id": 203153, "latitude": 52.517375, "longitude": 13.346545, "date": "2024-12-02", "year": 2024, "month": 12 }, "geometry": { "type": "Point", "coordinates": [ 13.346545, 52.517375 ] } },
{ "type": "Feature", "properties": { "species": "Parus major", "taxon_id": 203153, "latitude": 52.5174366667, "longitude": 13.346653333300001, "date": "2024-12-02", "year": 2024, "month": 12 }, "geometry": { "type": "Point", "coordinates": [ 13.346653333300001, 52.5174366667 ] } },
{ "type": "Feature", "properties": { "species": "Parus major", "taxon_id": 203153, "latitude": 52.517445, "longitude": 13.3466833333, "date": "2024-12-02", "year": 2024, "month": 12 }, "geometry": { "type": "Point", "coordinates": [ 13.3466833333, 52.517445 ] } },
{ "type": "Feature", "properties": { "species": "Parus major", "taxon_id": 203153, "latitude": 52.517455003499997, "longitude": 13.3471466667, "date": "2024-12-02", "year": 2024, "month": 12 }, "geometry": { "type": "Point", "coordinates": [ 13.3471466667, 52.517455003499997 ] } },
{ "type": "Feature", "properties": { "species": "Parus major", "taxon_id": 203153, "latitude": 52.517315058900003, "longitude": 13.349283469, "date": "2024-12-02", "year": 2024, "month": 12 }, "geometry": { "type": "Point", "coordinates": [ 13.349283469, 52.517315058900003 ] } },
{ "type": "Feature", "properties": { "species": "Parus major", "taxon_id": 203153, "latitude": 52.516166666700002, "longitude": 13.3494466667, "date": "2024-12-02", "year": 2024, "month": 12 }, "geometry": { "type": "Point", "coordinates": [ 13.3494466667, 52.516166666700002 ] } },
{ "type": "Feature", "properties": { "species": "Parus major", "taxon_id": 203153, "latitude": 52.516532543499999, "longitude": 13.3492432477, "date": "2024-12-02", "year": 2024, "month": 12 }, "geometry": { "type": "Point", "coordinates": [ 13.3492432477, 52.516532543499999 ] } },
{ "type": "Feature", "properties": { "species": "Parus major", "taxon_id": 203153, "latitude": 52.516095003499998, "longitude": 13.349695, "date": "2024-12-02", "year": 2024, "month": 12 }, "geometry": { "type": "Point", "coordinates": [ 13.349695, 52.516095003499998 ] } },
{ "type": "Feature", "properties": { "species": "Parus major", "taxon_id": 203153, "latitude": 52.515955003499997, "longitude": 13.3499, "date": "2024-12-02", "year": 2024, "month": 12 }, "geometry": { "type": "Point", "coordinates": [ 13.3499, 52.515955003499997 ] } },
{ "type": "Feature", "properties": { "species": "Parus major", "taxon_id": 203153, "latitude": 52.515955003499997, "longitude": 13.3499, "date": "2024-12-02", "year": 2024, "month": 12 }, "geometry": { "type": "Point", "coordinates": [ 13.3499, 52.515955003499997 ] } },
{ "type": "Feature", "properties": { "species": "Parus major", "taxon_id": 203153, "latitude": 52.515955003499997, "longitude": 13.349888333299999, "date": "2024-12-02", "year": 2024, "month": 12 }, "geometry": { "type": "Point", "coordinates": [ 13.349888333299999, 52.515955003499997 ] } },
{ "type": "Feature", "properties": { "species": "Parus major", "taxon_id": 203153, "latitude": 52.515961666700001, "longitude": 13.349888333299999, "date": "2024-12-02", "year": 2024, "month": 12 }, "geometry": { "type": "Point", "coordinates": [ 13.349888333299999, 52.515961666700001 ] } },
{ "type": "Feature", "properties": { "species": "Parus major", "taxon_id": 203153, "latitude": 52.515955003499997, "longitude": 13.3499083333, "date": "2024-12-02", "year": 2024, "month": 12 }, "geometry": { "type": "Point", "coordinates": [ 13.3499083333, 52.515955003499997 ] } },
{ "type": "Feature", "properties": { "species": "Parus major", "taxon_id": 203153, "latitude": 52.513036673499997, "longitude": 13.3490633333, "date": "2024-12-02", "year": 2024, "month": 12 }, "geometry": { "type": "Point", "coordinates": [ 13.3490633333, 52.513036673499997 ] } },
{ "type": "Feature", "properties": { "species": "Parus major", "taxon_id": 203153, "latitude": 52.512991673499997, "longitude": 13.3491216667, "date": "2024-12-02", "year": 2024, "month": 12 }, "geometry": { "type": "Point", "coordinates": [ 13.3491216667, 52.512991673499997 ] } },
{ "type": "Feature", "properties": { "species": "Parus major", "taxon_id": 203153, "latitude": 52.513020003500003, "longitude": 13.3490783333, "date": "2024-12-02", "year": 2024, "month": 12 }, "geometry": { "type": "Point", "coordinates": [ 13.3490783333, 52.513020003500003 ] } },
{ "type": "Feature", "properties": { "species": "Parus major", "taxon_id": 203153, "latitude": 52.510341673500001, "longitude": 13.3427416667, "date": "2024-12-02", "year": 2024, "month": 12 }, "geometry": { "type": "Point", "coordinates": [ 13.3427416667, 52.510341673500001 ] } },
{ "type": "Feature", "properties": { "species": "Parus major", "taxon_id": 203153, "latitude": 52.52933, "longitude": 13.4230216667, "date": "2024-11-17", "year": 2024, "month": 11 }, "geometry": { "type": "Point", "coordinates": [ 13.4230216667, 52.52933 ] } },
{ "type": "Feature", "properties": { "species": "Parus major", "taxon_id": 203153, "latitude": 52.564736031099997, "longitude": 13.416824160599999, "date": "2024-11-15", "year": 2024, "month": 11 }, "geometry": { "type": "Point", "coordinates": [ 13.416824160599999, 52.564736031099997 ] } },
{ "type": "Feature", "properties": { "species": "Parus major", "taxon_id": 203153, "latitude": 52.542808644200001, "longitude": 13.384889045, "date": "2024-11-10", "year": 2024, "month": 11 }, "geometry": { "type": "Point", "coordinates": [ 13.384889045, 52.542808644200001 ] } },
{ "type": "Feature", "properties": { "species": "Parus major", "taxon_id": 203153, "latitude": 52.466085698999997, "longitude": 13.3903404325, "date": "2024-10-22", "year": 2024, "month": 10 }, "geometry": { "type": "Point", "coordinates": [ 13.3903404325, 52.466085699 ] } },
{ "type": "Feature", "properties": { "species": "Parus major", "taxon_id": 203153, "latitude": 52.482833861099998, "longitude": 13.4148416389, "date": "2024-10-19", "year": 2024, "month": 10 }, "geometry": { "type": "Point", "coordinates": [ 13.4148416389, 52.482833861099998 ] } },
{ "type": "Feature", "properties": { "species": "Parus major", "taxon_id": 203153, "latitude": 52.488581707000002, "longitude": 13.244101152900001, "date": "2024-10-18", "year": 2024, "month": 10 }, "geometry": { "type": "Point", "coordinates": [ 13.244101152900001, 52.488581707 ] } },
{ "type": "Feature", "properties": { "species": "Parus major", "taxon_id": 203153, "latitude": 52.36253, "longitude": 13.139527833300001, "date": "2024-10-12", "year": 2024, "month": 10 }, "geometry": { "type": "Point", "coordinates": [ 13.139527833300001, 52.36253 ] } },
{ "type": "Feature", "properties": { "species": "Parus major", "taxon_id": 203153, "latitude": 52.030001286999997, "longitude": 13.8733070344, "date": "2024-10-12", "year": 2024, "month": 10 }, "geometry": { "type": "Point", "coordinates": [ 13.8733070344, 52.030001287 ] } },
{ "type": "Feature", "properties": { "species": "Parus major", "taxon_id": 203153, "latitude": 52.507530660299999, "longitude": 13.338953722199999, "date": "2024-10-09", "year": 2024, "month": 10 }, "geometry": { "type": "Point", "coordinates": [ 13.338953722199999, 52.507530660299999 ] } },
{ "type": "Feature", "properties": { "species": "Parus major", "taxon_id": 203153, "latitude": 52.512589129799998, "longitude": 13.356569717399999, "date": "2024-10-06", "year": 2024, "month": 10 }, "geometry": { "type": "Point", "coordinates": [ 13.356569717399999, 52.512589129799998 ] } },
{ "type": "Feature", "properties": { "species": "Parus major", "taxon_id": 203153, "latitude": 52.512589129799998, "longitude": 13.356569717399999, "date": "2024-10-06", "year": 2024, "month": 10 }, "geometry": { "type": "Point", "coordinates": [ 13.356569717399999, 52.512589129799998 ] } },
{ "type": "Feature", "properties": { "species": "Parus major", "taxon_id": 203153, "latitude": 52.512589129799998, "longitude": 13.356569717399999, "date": "2024-10-06", "year": 2024, "month": 10 }, "geometry": { "type": "Point", "coordinates": [ 13.356569717399999, 52.512589129799998 ] } },
{ "type": "Feature", "properties": { "species": "Parus major", "taxon_id": 203153, "latitude": 52.409858922799998, "longitude": 13.7483240783, "date": "2024-10-06", "year": 2024, "month": 10 }, "geometry": { "type": "Point", "coordinates": [ 13.7483240783, 52.409858922799998 ] } },
{ "type": "Feature", "properties": { "species": "Parus major", "taxon_id": 203153, "latitude": 52.2315971365, "longitude": 12.97483588, "date": "2024-10-05", "year": 2024, "month": 10 }, "geometry": { "type": "Point", "coordinates": [ 12.97483588, 52.2315971365 ] } },
{ "type": "Feature", "properties": { "species": "Parus major", "taxon_id": 203153, "latitude": 52.482646666699999, "longitude": 13.411455, "date": "2024-09-23", "year": 2024, "month": 9 }, "geometry": { "type": "Point", "coordinates": [ 13.411455, 52.482646666699999 ] } },
{ "type": "Feature", "properties": { "species": "Parus major", "taxon_id": 203153, "latitude": 52.51094, "longitude": 13.364491666699999, "date": "2024-09-19", "year": 2024, "month": 9 }, "geometry": { "type": "Point", "coordinates": [ 13.364491666699999, 52.51094 ] } },
{ "type": "Feature", "properties": { "species": "Parus major", "taxon_id": 203153, "latitude": 52.513015524300002, "longitude": 13.345580723, "date": "2024-09-18", "year": 2024, "month": 9 }, "geometry": { "type": "Point", "coordinates": [ 13.345580723, 52.513015524300002 ] } },
{ "type": "Feature", "properties": { "species": "Parus major", "taxon_id": 203153, "latitude": 52.544469467399999, "longitude": 13.635365223299999, "date": "2024-09-17", "year": 2024, "month": 9 }, "geometry": { "type": "Point", "coordinates": [ 13.635365223299999, 52.544469467399999 ] } },
{ "type": "Feature", "properties": { "species": "Parus major", "taxon_id": 203153, "latitude": 52.484603333300001, "longitude": 13.36095, "date": "2024-09-11", "year": 2024, "month": 9 }, "geometry": { "type": "Point", "coordinates": [ 13.36095, 52.484603333300001 ] } },
{ "type": "Feature", "properties": { "species": "Parus major", "taxon_id": 203153, "latitude": 52.412481673199999, "longitude": 13.8373320649, "date": "2024-09-01", "year": 2024, "month": 9 }, "geometry": { "type": "Point", "coordinates": [ 13.8373320649, 52.412481673199999 ] } },
{ "type": "Feature", "properties": { "species": "Parus major", "taxon_id": 203153, "latitude": 52.514534, "longitude": 13.3501015, "date": "2024-08-23", "year": 2024, "month": 8 }, "geometry": { "type": "Point", "coordinates": [ 13.3501015, 52.514534 ] } },
{ "type": "Feature", "properties": { "species": "Parus major", "taxon_id": 203153, "latitude": 52.180593972200001, "longitude": 13.617957972199999, "date": "2024-08-18", "year": 2024, "month": 8 }, "geometry": { "type": "Point", "coordinates": [ 13.617957972199999, 52.180593972200001 ] } },
{ "type": "Feature", "properties": { "species": "Parus major", "taxon_id": 203153, "latitude": 52.6153182778, "longitude": 13.4177875278, "date": "2024-08-18", "year": 2024, "month": 8 }, "geometry": { "type": "Point", "coordinates": [ 13.4177875278, 52.6153182778 ] } },
{ "type": "Feature", "properties": { "species": "Parus major", "taxon_id": 203153, "latitude": 52.513183753299998, "longitude": 13.3597940076, "date": "2024-07-21", "year": 2024, "month": 7 }, "geometry": { "type": "Point", "coordinates": [ 13.3597940076, 52.513183753299998 ] } },
{ "type": "Feature", "properties": { "species": "Parus major", "taxon_id": 203153, "latitude": 52.5059783333, "longitude": 13.33598, "date": "2024-07-19", "year": 2024, "month": 7 }, "geometry": { "type": "Point", "coordinates": [ 13.33598, 52.5059783333 ] } },
{ "type": "Feature", "properties": { "species": "Parus major", "taxon_id": 203153, "latitude": 52.608048774799997, "longitude": 13.3873843519, "date": "2024-07-14", "year": 2024, "month": 7 }, "geometry": { "type": "Point", "coordinates": [ 13.3873843519, 52.608048774799997 ] } },
{ "type": "Feature", "properties": { "species": "Parus major", "taxon_id": 203153, "latitude": 52.409858922799998, "longitude": 13.7483240783, "date": "2024-07-05", "year": 2024, "month": 7 }, "geometry": { "type": "Point", "coordinates": [ 13.7483240783, 52.409858922799998 ] } },
{ "type": "Feature", "properties": { "species": "Parus major", "taxon_id": 203153, "latitude": 52.6214018565, "longitude": 13.476449735499999, "date": "2024-06-21", "year": 2024, "month": 6 }, "geometry": { "type": "Point", "coordinates": [ 13.476449735499999, 52.6214018565 ] } },
{ "type": "Feature", "properties": { "species": "Parus major", "taxon_id": 203153, "latitude": 52.521577959699997, "longitude": 13.291538946, "date": "2024-06-20", "year": 2024, "month": 6 }, "geometry": { "type": "Point", "coordinates": [ 13.291538946, 52.521577959699997 ] } },
{ "type": "Feature", "properties": { "species": "Parus major", "taxon_id": 203153, "latitude": 52.398496, "longitude": 13.4064619, "date": "2024-06-15", "year": 2024, "month": 6 }, "geometry": { "type": "Point", "coordinates": [ 13.4064619, 52.398496 ] } },
{ "type": "Feature", "properties": { "species": "Parus major", "taxon_id": 203153, "latitude": 52.398496, "longitude": 13.4064619, "date": "2024-06-15", "year": 2024, "month": 6 }, "geometry": { "type": "Point", "coordinates": [ 13.4064619, 52.398496 ] } },
{ "type": "Feature", "properties": { "species": "Parus major", "taxon_id": 203153, "latitude": 52.510446589499999, "longitude": 13.3538082005, "date": "2024-06-14", "year": 2024, "month": 6 }, "geometry": { "type": "Point", "coordinates": [ 13.3538082005, 52.510446589499999 ] } },
{ "type": "Feature", "properties": { "species": "Parus major", "taxon_id": 203153, "latitude": 52.515206806800002, "longitude": 13.3704795413, "date": "2024-06-10", "year": 2024, "month": 6 }, "geometry": { "type": "Point", "coordinates": [ 13.3704795413, 52.515206806800002 ] } },
{ "type": "Feature", "properties": { "species": "Parus major", "taxon_id": 203153, "latitude": 52.5153954, "longitude": 13.3713388, "date": "2024-06-10", "year": 2024, "month": 6 }, "geometry": { "type": "Point", "coordinates": [ 13.3713388, 52.5153954 ] } },
{ "type": "Feature", "properties": { "species": "Parus major", "taxon_id": 203153, "latitude": 52.5376608, "longitude": 13.1818372, "date": "2024-06-08", "year": 2024, "month": 6 }, "geometry": { "type": "Point", "coordinates": [ 13.1818372, 52.5376608 ] } },
{ "type": "Feature", "properties": { "species": "Parus major", "taxon_id": 203153, "latitude": 52.529525, "longitude": 13.4233966667, "date": "2024-06-04", "year": 2024, "month": 6 }, "geometry": { "type": "Point", "coordinates": [ 13.4233966667, 52.529525 ] } },
{ "type": "Feature", "properties": { "species": "Parus major", "taxon_id": 203153, "latitude": 52.552914454300002, "longitude": 13.483167718700001, "date": "2024-06-03", "year": 2024, "month": 6 }, "geometry": { "type": "Point", "coordinates": [ 13.483167718700001, 52.552914454300002 ] } },
{ "type": "Feature", "properties": { "species": "Parus major", "taxon_id": 203153, "latitude": 52.524479145199997, "longitude": 13.341917716199999, "date": "2024-06-03", "year": 2024, "month": 6 }, "geometry": { "type": "Point", "coordinates": [ 13.341917716199999, 52.524479145199997 ] } },
{ "type": "Feature", "properties": { "species": "Parus major", "taxon_id": 203153, "latitude": 52.528206358799999, "longitude": 13.0650750373, "date": "2024-06-01", "year": 2024, "month": 6 }, "geometry": { "type": "Point", "coordinates": [ 13.0650750373, 52.528206358799999 ] } },
{ "type": "Feature", "properties": { "species": "Parus major", "taxon_id": 203153, "latitude": 52.456691666700003, "longitude": 13.268786111100001, "date": "2024-05-30", "year": 2024, "month": 5 }, "geometry": { "type": "Point", "coordinates": [ 13.268786111100001, 52.456691666700003 ] } },
{ "type": "Feature", "properties": { "species": "Parus major", "taxon_id": 203153, "latitude": 52.490217608999998, "longitude": 13.1675788708, "date": "2024-05-25", "year": 2024, "month": 5 }, "geometry": { "type": "Point", "coordinates": [ 13.1675788708, 52.490217609 ] } },
{ "type": "Feature", "properties": { "species": "Parus major", "taxon_id": 203153, "latitude": 52.493433091299998, "longitude": 13.213209944200001, "date": "2024-05-20", "year": 2024, "month": 5 }, "geometry": { "type": "Point", "coordinates": [ 13.213209944200001, 52.493433091299998 ] } },
{ "type": "Feature", "properties": { "species": "Parus major", "taxon_id": 203153, "latitude": 52.4184805736, "longitude": 13.301647661900001, "date": "2024-05-19", "year": 2024, "month": 5 }, "geometry": { "type": "Point", "coordinates": [ 13.301647661900001, 52.4184805736 ] } },
{ "type": "Feature", "properties": { "species": "Parus major", "taxon_id": 203153, "latitude": 52.555287418600003, "longitude": 13.327830112899999, "date": "2024-05-18", "year": 2024, "month": 5 }, "geometry": { "type": "Point", "coordinates": [ 13.327830112899999, 52.555287418600003 ] } },
{ "type": "Feature", "properties": { "species": "Parus major", "taxon_id": 203153, "latitude": 52.456964583199998, "longitude": 13.3032313437, "date": "2024-05-18", "year": 2024, "month": 5 }, "geometry": { "type": "Point", "coordinates": [ 13.3032313437, 52.456964583199998 ] } },
{ "type": "Feature", "properties": { "species": "Parus major", "taxon_id": 203153, "latitude": 52.539161426200003, "longitude": 13.212029321699999, "date": "2024-05-16", "year": 2024, "month": 5 }, "geometry": { "type": "Point", "coordinates": [ 13.212029321699999, 52.539161426200003 ] } },
{ "type": "Feature", "properties": { "species": "Parus major", "taxon_id": 203153, "latitude": 52.5618057792, "longitude": 13.199420711, "date": "2024-05-16", "year": 2024, "month": 5 }, "geometry": { "type": "Point", "coordinates": [ 13.199420711, 52.5618057792 ] } },
{ "type": "Feature", "properties": { "species": "Parus major", "taxon_id": 203153, "latitude": 52.5022768997, "longitude": 13.384832599699999, "date": "2024-05-16", "year": 2024, "month": 5 }, "geometry": { "type": "Point", "coordinates": [ 13.384832599699999, 52.5022768997 ] } },
{ "type": "Feature", "properties": { "species": "Parus major", "taxon_id": 203153, "latitude": 52.468355, "longitude": 13.3618466667, "date": "2024-05-15", "year": 2024, "month": 5 }, "geometry": { "type": "Point", "coordinates": [ 13.3618466667, 52.468355 ] } },
{ "type": "Feature", "properties": { "species": "Parus major", "taxon_id": 203153, "latitude": 52.571961789299998, "longitude": 13.424767255900001, "date": "2024-05-12", "year": 2024, "month": 5 }, "geometry": { "type": "Point", "coordinates": [ 13.424767255900001, 52.571961789299998 ] } },
{ "type": "Feature", "properties": { "species": "Parus major", "taxon_id": 203153, "latitude": 52.512450026700002, "longitude": 13.3602295984, "date": "2024-05-12", "year": 2024, "month": 5 }, "geometry": { "type": "Point", "coordinates": [ 13.3602295984, 52.512450026700002 ] } },
{ "type": "Feature", "properties": { "species": "Parus major", "taxon_id": 203153, "latitude": 52.938558237400002, "longitude": 13.7860627396, "date": "2024-05-12", "year": 2024, "month": 5 }, "geometry": { "type": "Point", "coordinates": [ 13.7860627396, 52.938558237400002 ] } },
{ "type": "Feature", "properties": { "species": "Parus major", "taxon_id": 203153, "latitude": 52.593362365700003, "longitude": 13.441705907499999, "date": "2024-05-11", "year": 2024, "month": 5 }, "geometry": { "type": "Point", "coordinates": [ 13.441705907499999, 52.593362365700003 ] } },
{ "type": "Feature", "properties": { "species": "Parus major", "taxon_id": 203153, "latitude": 52.6060497203, "longitude": 13.388806306599999, "date": "2024-05-10", "year": 2024, "month": 5 }, "geometry": { "type": "Point", "coordinates": [ 13.388806306599999, 52.6060497203 ] } },
{ "type": "Feature", "properties": { "species": "Parus major", "taxon_id": 203153, "latitude": 52.505381363200001, "longitude": 13.5084401071, "date": "2024-05-07", "year": 2024, "month": 5 }, "geometry": { "type": "Point", "coordinates": [ 13.5084401071, 52.505381363200001 ] } },
{ "type": "Feature", "properties": { "species": "Parus major", "taxon_id": 203153, "latitude": 52.48235712, "longitude": 13.49445618, "date": "2024-05-05", "year": 2024, "month": 5 }, "geometry": { "type": "Point", "coordinates": [ 13.49445618, 52.48235712 ] } },
{ "type": "Feature", "properties": { "species": "Parus major", "taxon_id": 203153, "latitude": 52.511961765599999, "longitude": 13.3621937959, "date": "2024-05-04", "year": 2024, "month": 5 }, "geometry": { "type": "Point", "coordinates": [ 13.3621937959, 52.511961765599999 ] } },
{ "type": "Feature", "properties": { "species": "Parus major", "taxon_id": 203153, "latitude": 52.455147985799996, "longitude": 13.3045134037, "date": "2024-05-04", "year": 2024, "month": 5 }, "geometry": { "type": "Point", "coordinates": [ 13.3045134037, 52.455147985799996 ] } },
{ "type": "Feature", "properties": { "species": "Parus major", "taxon_id": 203153, "latitude": 52.407703095099997, "longitude": 13.0380247481, "date": "2024-05-03", "year": 2024, "month": 5 }, "geometry": { "type": "Point", "coordinates": [ 13.0380247481, 52.407703095099997 ] } },
{ "type": "Feature", "properties": { "species": "Parus major", "taxon_id": 203153, "latitude": 52.511581956699999, "longitude": 13.3477116849, "date": "2024-05-02", "year": 2024, "month": 5 }, "geometry": { "type": "Point", "coordinates": [ 13.3477116849, 52.511581956699999 ] } },
{ "type": "Feature", "properties": { "species": "Parus major", "taxon_id": 203153, "latitude": 52.452984480300003, "longitude": 13.287601969500001, "date": "2024-05-02", "year": 2024, "month": 5 }, "geometry": { "type": "Point", "coordinates": [ 13.287601969500001, 52.452984480300003 ] } },
{ "type": "Feature", "properties": { "species": "Parus major", "taxon_id": 203153, "latitude": 52.513006695500003, "longitude": 13.463903032199999, "date": "2024-04-30", "year": 2024, "month": 4 }, "geometry": { "type": "Point", "coordinates": [ 13.463903032199999, 52.513006695500003 ] } },
{ "type": "Feature", "properties": { "species": "Parus major", "taxon_id": 203153, "latitude": 52.553816895799997, "longitude": 13.3990576118, "date": "2024-04-29", "year": 2024, "month": 4 }, "geometry": { "type": "Point", "coordinates": [ 13.3990576118, 52.553816895799997 ] } },
{ "type": "Feature", "properties": { "species": "Parus major", "taxon_id": 203153, "latitude": 52.514183333299997, "longitude": 13.352585, "date": "2024-04-28", "year": 2024, "month": 4 }, "geometry": { "type": "Point", "coordinates": [ 13.352585, 52.514183333299997 ] } },
{ "type": "Feature", "properties": { "species": "Parus major", "taxon_id": 203153, "latitude": 52.43346592, "longitude": 13.24635753, "date": "2024-04-28", "year": 2024, "month": 4 }, "geometry": { "type": "Point", "coordinates": [ 13.24635753, 52.43346592 ] } },
{ "type": "Feature", "properties": { "species": "Parus major", "taxon_id": 203153, "latitude": 52.45838225, "longitude": 13.15767758, "date": "2024-04-28", "year": 2024, "month": 4 }, "geometry": { "type": "Point", "coordinates": [ 13.15767758, 52.45838225 ] } },
{ "type": "Feature", "properties": { "species": "Parus major", "taxon_id": 203153, "latitude": 52.512970966300003, "longitude": 13.356556791699999, "date": "2024-04-28", "year": 2024, "month": 4 }, "geometry": { "type": "Point", "coordinates": [ 13.356556791699999, 52.512970966300003 ] } },
{ "type": "Feature", "properties": { "species": "Parus major", "taxon_id": 203153, "latitude": 52.5376608, "longitude": 13.1818372, "date": "2024-04-27", "year": 2024, "month": 4 }, "geometry": { "type": "Point", "coordinates": [ 13.1818372, 52.5376608 ] } },
{ "type": "Feature", "properties": { "species": "Parus major", "taxon_id": 203153, "latitude": 52.514221549399998, "longitude": 13.3708692715, "date": "2024-04-27", "year": 2024, "month": 4 }, "geometry": { "type": "Point", "coordinates": [ 13.3708692715, 52.514221549399998 ] } },
{ "type": "Feature", "properties": { "species": "Parus major", "taxon_id": 203153, "latitude": 52.5782757, "longitude": 13.5571958, "date": "2024-04-27", "year": 2024, "month": 4 }, "geometry": { "type": "Point", "coordinates": [ 13.5571958, 52.5782757 ] } },
{ "type": "Feature", "properties": { "species": "Parus major", "taxon_id": 203153, "latitude": 52.529537784200002, "longitude": 13.4220743171, "date": "2024-04-27", "year": 2024, "month": 4 }, "geometry": { "type": "Point", "coordinates": [ 13.4220743171, 52.529537784200002 ] } },
{ "type": "Feature", "properties": { "species": "Parus major", "taxon_id": 203153, "latitude": 52.555535345000003, "longitude": 13.494450710700001, "date": "2024-04-27", "year": 2024, "month": 4 }, "geometry": { "type": "Point", "coordinates": [ 13.494450710700001, 52.555535345 ] } },
{ "type": "Feature", "properties": { "species": "Parus major", "taxon_id": 203153, "latitude": 52.553080771200001, "longitude": 13.492614684399999, "date": "2024-04-27", "year": 2024, "month": 4 }, "geometry": { "type": "Point", "coordinates": [ 13.492614684399999, 52.553080771200001 ] } },
{ "type": "Feature", "properties": { "species": "Parus major", "taxon_id": 203153, "latitude": 52.4867, "longitude": 13.41368, "date": "2024-04-26", "year": 2024, "month": 4 }, "geometry": { "type": "Point", "coordinates": [ 13.41368, 52.4867 ] } },
{ "type": "Feature", "properties": { "species": "Parus major", "taxon_id": 203153, "latitude": 52.5306579644, "longitude": 13.4208925088, "date": "2024-04-26", "year": 2024, "month": 4 }, "geometry": { "type": "Point", "coordinates": [ 13.4208925088, 52.5306579644 ] } },
{ "type": "Feature", "properties": { "species": "Parus major", "taxon_id": 203153, "latitude": 52.57648, "longitude": 13.3461366667, "date": "2024-04-26", "year": 2024, "month": 4 }, "geometry": { "type": "Point", "coordinates": [ 13.3461366667, 52.57648 ] } },
{ "type": "Feature", "properties": { "species": "Parus major", "taxon_id": 203153, "latitude": 52.413476188799997, "longitude": 13.678562231400001, "date": "2024-04-14", "year": 2024, "month": 4 }, "geometry": { "type": "Point", "coordinates": [ 13.678562231400001, 52.413476188799997 ] } },
{ "type": "Feature", "properties": { "species": "Parus major", "taxon_id": 203153, "latitude": 52.8336966667, "longitude": 13.7922116667, "date": "2024-04-12", "year": 2024, "month": 4 }, "geometry": { "type": "Point", "coordinates": [ 13.7922116667, 52.8336966667 ] } },
{ "type": "Feature", "properties": { "species": "Parus major", "taxon_id": 203153, "latitude": 52.527518522000001, "longitude": 13.418646624499999, "date": "2024-04-07", "year": 2024, "month": 4 }, "geometry": { "type": "Point", "coordinates": [ 13.418646624499999, 52.527518522 ] } },
{ "type": "Feature", "properties": { "species": "Parus major", "taxon_id": 203153, "latitude": 52.522484221600003, "longitude": 13.343067319699999, "date": "2024-04-07", "year": 2024, "month": 4 }, "geometry": { "type": "Point", "coordinates": [ 13.343067319699999, 52.522484221600003 ] } },
{ "type": "Feature", "properties": { "species": "Parus major", "taxon_id": 203153, "latitude": 52.527518522000001, "longitude": 13.418646624499999, "date": "2024-04-07", "year": 2024, "month": 4 }, "geometry": { "type": "Point", "coordinates": [ 13.418646624499999, 52.527518522 ] } },
{ "type": "Feature", "properties": { "species": "Parus major", "taxon_id": 203153, "latitude": 52.5888797008, "longitude": 13.3628786355, "date": "2024-04-07", "year": 2024, "month": 4 }, "geometry": { "type": "Point", "coordinates": [ 13.3628786355, 52.5888797008 ] } },
{ "type": "Feature", "properties": { "species": "Parus major", "taxon_id": 203153, "latitude": 52.407124, "longitude": 13.017105, "date": "2024-04-07", "year": 2024, "month": 4 }, "geometry": { "type": "Point", "coordinates": [ 13.017105, 52.407124 ] } },
{ "type": "Feature", "properties": { "species": "Parus major", "taxon_id": 203153, "latitude": 52.774033333299997, "longitude": 13.703736666699999, "date": "2024-04-06", "year": 2024, "month": 4 }, "geometry": { "type": "Point", "coordinates": [ 13.703736666699999, 52.774033333299997 ] } },
{ "type": "Feature", "properties": { "species": "Parus major", "taxon_id": 203153, "latitude": 52.516597905799998, "longitude": 13.304105401, "date": "2024-04-02", "year": 2024, "month": 4 }, "geometry": { "type": "Point", "coordinates": [ 13.304105401, 52.516597905799998 ] } },
{ "type": "Feature", "properties": { "species": "Parus major", "taxon_id": 203153, "latitude": 52.609332366099999, "longitude": 13.3161476102, "date": "2024-04-01", "year": 2024, "month": 4 }, "geometry": { "type": "Point", "coordinates": [ 13.3161476102, 52.609332366099999 ] } },
{ "type": "Feature", "properties": { "species": "Parus major", "taxon_id": 203153, "latitude": 52.615075162899998, "longitude": 13.4181958437, "date": "2024-03-31", "year": 2024, "month": 3 }, "geometry": { "type": "Point", "coordinates": [ 13.4181958437, 52.615075162899998 ] } },
{ "type": "Feature", "properties": { "species": "Parus major", "taxon_id": 203153, "latitude": 52.515987047400003, "longitude": 13.376580365000001, "date": "2024-03-28", "year": 2024, "month": 3 }, "geometry": { "type": "Point", "coordinates": [ 13.376580365, 52.515987047400003 ] } },
{ "type": "Feature", "properties": { "species": "Parus major", "taxon_id": 203153, "latitude": 52.5158668742, "longitude": 13.376612551499999, "date": "2024-03-28", "year": 2024, "month": 3 }, "geometry": { "type": "Point", "coordinates": [ 13.376612551499999, 52.5158668742 ] } },
{ "type": "Feature", "properties": { "species": "Parus major", "taxon_id": 203153, "latitude": 52.511602956799997, "longitude": 13.368537761300001, "date": "2024-03-28", "year": 2024, "month": 3 }, "geometry": { "type": "Point", "coordinates": [ 13.368537761300001, 52.511602956799997 ] } },
{ "type": "Feature", "properties": { "species": "Parus major", "taxon_id": 203153, "latitude": 52.510202550300001, "longitude": 13.359600557, "date": "2024-03-28", "year": 2024, "month": 3 }, "geometry": { "type": "Point", "coordinates": [ 13.359600557, 52.510202550300001 ] } },
{ "type": "Feature", "properties": { "species": "Parus major", "taxon_id": 203153, "latitude": 52.4218221, "longitude": 13.1070253, "date": "2024-03-24", "year": 2024, "month": 3 }, "geometry": { "type": "Point", "coordinates": [ 13.1070253, 52.4218221 ] } },
{ "type": "Feature", "properties": { "species": "Parus major", "taxon_id": 203153, "latitude": 52.5101623535, "longitude": 13.508962631199999, "date": "2024-03-23", "year": 2024, "month": 3 }, "geometry": { "type": "Point", "coordinates": [ 13.508962631199999, 52.5101623535 ] } },
{ "type": "Feature", "properties": { "species": "Parus major", "taxon_id": 203153, "latitude": 52.4193858, "longitude": 13.7751372, "date": "2024-03-19", "year": 2024, "month": 3 }, "geometry": { "type": "Point", "coordinates": [ 13.7751372, 52.4193858 ] } },
{ "type": "Feature", "properties": { "species": "Parus major", "taxon_id": 203153, "latitude": 52.3332716667, "longitude": 13.002301666699999, "date": "2024-03-17", "year": 2024, "month": 3 }, "geometry": { "type": "Point", "coordinates": [ 13.002301666699999, 52.3332716667 ] } },
{ "type": "Feature", "properties": { "species": "Parus major", "taxon_id": 203153, "latitude": 52.544112584200001, "longitude": 13.458276873100001, "date": "2024-03-17", "year": 2024, "month": 3 }, "geometry": { "type": "Point", "coordinates": [ 13.458276873100001, 52.544112584200001 ] } },
{ "type": "Feature", "properties": { "species": "Parus major", "taxon_id": 203153, "latitude": 52.3534683333, "longitude": 12.976815, "date": "2024-03-16", "year": 2024, "month": 3 }, "geometry": { "type": "Point", "coordinates": [ 12.976815, 52.3534683333 ] } },
{ "type": "Feature", "properties": { "species": "Parus major", "taxon_id": 203153, "latitude": 52.314161666700002, "longitude": 12.93634, "date": "2024-03-16", "year": 2024, "month": 3 }, "geometry": { "type": "Point", "coordinates": [ 12.93634, 52.314161666700002 ] } },
{ "type": "Feature", "properties": { "species": "Parus major", "taxon_id": 203153, "latitude": 52.513108716799998, "longitude": 13.464072682, "date": "2024-03-15", "year": 2024, "month": 3 }, "geometry": { "type": "Point", "coordinates": [ 13.464072682, 52.513108716799998 ] } },
{ "type": "Feature", "properties": { "species": "Parus major", "taxon_id": 203153, "latitude": 52.764006634099999, "longitude": 13.2593205898, "date": "2024-03-13", "year": 2024, "month": 3 }, "geometry": { "type": "Point", "coordinates": [ 13.2593205898, 52.764006634099999 ] } },
{ "type": "Feature", "properties": { "species": "Parus major", "taxon_id": 203153, "latitude": 52.407371872500001, "longitude": 13.741285961799999, "date": "2024-03-13", "year": 2024, "month": 3 }, "geometry": { "type": "Point", "coordinates": [ 13.741285961799999, 52.407371872500001 ] } },
{ "type": "Feature", "properties": { "species": "Parus major", "taxon_id": 203153, "latitude": 52.4852723164, "longitude": 13.146626186000001, "date": "2024-03-10", "year": 2024, "month": 3 }, "geometry": { "type": "Point", "coordinates": [ 13.146626186, 52.4852723164 ] } },
{ "type": "Feature", "properties": { "species": "Parus major", "taxon_id": 203153, "latitude": 52.527297045399997, "longitude": 13.293637540700001, "date": "2024-03-09", "year": 2024, "month": 3 }, "geometry": { "type": "Point", "coordinates": [ 13.293637540700001, 52.527297045399997 ] } },
{ "type": "Feature", "properties": { "species": "Parus major", "taxon_id": 203153, "latitude": 52.475078892200003, "longitude": 13.1243960377, "date": "2024-03-09", "year": 2024, "month": 3 }, "geometry": { "type": "Point", "coordinates": [ 13.1243960377, 52.475078892200003 ] } },
{ "type": "Feature", "properties": { "species": "Parus major", "taxon_id": 203153, "latitude": 52.474608369499997, "longitude": 13.124224376300001, "date": "2024-03-09", "year": 2024, "month": 3 }, "geometry": { "type": "Point", "coordinates": [ 13.124224376300001, 52.474608369499997 ] } },
{ "type": "Feature", "properties": { "species": "Parus major", "taxon_id": 203153, "latitude": 52.758599458699997, "longitude": 13.5726317766, "date": "2024-03-09", "year": 2024, "month": 3 }, "geometry": { "type": "Point", "coordinates": [ 13.5726317766, 52.758599458699997 ] } },
{ "type": "Feature", "properties": { "species": "Parus major", "taxon_id": 203153, "latitude": 52.396921705600001, "longitude": 13.151314705600001, "date": "2024-03-09", "year": 2024, "month": 3 }, "geometry": { "type": "Point", "coordinates": [ 13.151314705600001, 52.396921705600001 ] } },
{ "type": "Feature", "properties": { "species": "Parus major", "taxon_id": 203153, "latitude": 52.475336306700001, "longitude": 13.123728589500001, "date": "2024-03-09", "year": 2024, "month": 3 }, "geometry": { "type": "Point", "coordinates": [ 13.123728589500001, 52.475336306700001 ] } },
{ "type": "Feature", "properties": { "species": "Parus major", "taxon_id": 203153, "latitude": 52.473685274200001, "longitude": 13.4311801157, "date": "2024-03-09", "year": 2024, "month": 3 }, "geometry": { "type": "Point", "coordinates": [ 13.4311801157, 52.473685274200001 ] } },
{ "type": "Feature", "properties": { "species": "Parus major", "taxon_id": 203153, "latitude": 52.5141516, "longitude": 13.3591634, "date": "2024-03-04", "year": 2024, "month": 3 }, "geometry": { "type": "Point", "coordinates": [ 13.3591634, 52.5141516 ] } },
{ "type": "Feature", "properties": { "species": "Parus major", "taxon_id": 203153, "latitude": 52.4112504, "longitude": 13.0398603, "date": "2024-03-01", "year": 2024, "month": 3 }, "geometry": { "type": "Point", "coordinates": [ 13.0398603, 52.4112504 ] } },
{ "type": "Feature", "properties": { "species": "Parus major", "taxon_id": 203153, "latitude": 52.3116793, "longitude": 12.9315473, "date": "2024-02-29", "year": 2024, "month": 2 }, "geometry": { "type": "Point", "coordinates": [ 12.9315473, 52.3116793 ] } },
{ "type": "Feature", "properties": { "species": "Parus major", "taxon_id": 203153, "latitude": 52.518656666699997, "longitude": 13.6315966667, "date": "2024-02-27", "year": 2024, "month": 2 }, "geometry": { "type": "Point", "coordinates": [ 13.6315966667, 52.518656666699997 ] } },
{ "type": "Feature", "properties": { "species": "Parus major", "taxon_id": 203153, "latitude": 52.474727739499997, "longitude": 13.123960633899999, "date": "2024-02-25", "year": 2024, "month": 2 }, "geometry": { "type": "Point", "coordinates": [ 13.123960633899999, 52.474727739499997 ] } },
{ "type": "Feature", "properties": { "species": "Parus major", "taxon_id": 203153, "latitude": 52.433090006900002, "longitude": 13.413469883099999, "date": "2024-02-25", "year": 2024, "month": 2 }, "geometry": { "type": "Point", "coordinates": [ 13.413469883099999, 52.433090006900002 ] } },
{ "type": "Feature", "properties": { "species": "Parus major", "taxon_id": 203153, "latitude": 52.474930967200002, "longitude": 13.1240114994, "date": "2024-02-24", "year": 2024, "month": 2 }, "geometry": { "type": "Point", "coordinates": [ 13.1240114994, 52.474930967200002 ] } },
{ "type": "Feature", "properties": { "species": "Parus major", "taxon_id": 203153, "latitude": 52.5449606, "longitude": 13.164947, "date": "2024-02-16", "year": 2024, "month": 2 }, "geometry": { "type": "Point", "coordinates": [ 13.164947, 52.5449606 ] } },
{ "type": "Feature", "properties": { "species": "Parus major", "taxon_id": 203153, "latitude": 52.353783525799997, "longitude": 13.667755639199999, "date": "2024-02-16", "year": 2024, "month": 2 }, "geometry": { "type": "Point", "coordinates": [ 13.667755639199999, 52.353783525799997 ] } },
{ "type": "Feature", "properties": { "species": "Parus major", "taxon_id": 203153, "latitude": 52.4838192367, "longitude": 13.4119753243, "date": "2024-02-15", "year": 2024, "month": 2 }, "geometry": { "type": "Point", "coordinates": [ 13.4119753243, 52.4838192367 ] } },
{ "type": "Feature", "properties": { "species": "Parus major", "taxon_id": 203153, "latitude": 52.5172833333, "longitude": 13.347786666699999, "date": "2024-02-13", "year": 2024, "month": 2 }, "geometry": { "type": "Point", "coordinates": [ 13.347786666699999, 52.5172833333 ] } },
{ "type": "Feature", "properties": { "species": "Parus major", "taxon_id": 203153, "latitude": 52.517288333300002, "longitude": 13.347783333300001, "date": "2024-02-13", "year": 2024, "month": 2 }, "geometry": { "type": "Point", "coordinates": [ 13.347783333300001, 52.517288333300002 ] } },
{ "type": "Feature", "properties": { "species": "Parus major", "taxon_id": 203153, "latitude": 52.356784139699997, "longitude": 12.894581888599999, "date": "2024-02-12", "year": 2024, "month": 2 }, "geometry": { "type": "Point", "coordinates": [ 12.894581888599999, 52.356784139699997 ] } },
{ "type": "Feature", "properties": { "species": "Parus major", "taxon_id": 203153, "latitude": 52.537921824599998, "longitude": 13.179691437400001, "date": "2024-02-11", "year": 2024, "month": 2 }, "geometry": { "type": "Point", "coordinates": [ 13.179691437400001, 52.537921824599998 ] } },
{ "type": "Feature", "properties": { "species": "Parus major", "taxon_id": 203153, "latitude": 52.482546145900002, "longitude": 13.1604681085, "date": "2024-02-11", "year": 2024, "month": 2 }, "geometry": { "type": "Point", "coordinates": [ 13.1604681085, 52.482546145900002 ] } },
{ "type": "Feature", "properties": { "species": "Parus major", "taxon_id": 203153, "latitude": 52.488504445300002, "longitude": 13.1466607833, "date": "2024-02-10", "year": 2024, "month": 2 }, "geometry": { "type": "Point", "coordinates": [ 13.1466607833, 52.488504445300002 ] } },
{ "type": "Feature", "properties": { "species": "Parus major", "taxon_id": 203153, "latitude": 52.409858922799998, "longitude": 13.7483240783, "date": "2024-02-10", "year": 2024, "month": 2 }, "geometry": { "type": "Point", "coordinates": [ 13.7483240783, 52.409858922799998 ] } },
{ "type": "Feature", "properties": { "species": "Parus major", "taxon_id": 203153, "latitude": 52.5273578097, "longitude": 13.417809607800001, "date": "2024-02-07", "year": 2024, "month": 2 }, "geometry": { "type": "Point", "coordinates": [ 13.417809607800001, 52.5273578097 ] } },
{ "type": "Feature", "properties": { "species": "Parus major", "taxon_id": 203153, "latitude": 52.5273578097, "longitude": 13.417809607800001, "date": "2024-02-07", "year": 2024, "month": 2 }, "geometry": { "type": "Point", "coordinates": [ 13.417809607800001, 52.5273578097 ] } },
{ "type": "Feature", "properties": { "species": "Parus major", "taxon_id": 203153, "latitude": 52.52515, "longitude": 13.434561111100001, "date": "2024-02-01", "year": 2024, "month": 2 }, "geometry": { "type": "Point", "coordinates": [ 13.434561111100001, 52.52515 ] } },
{ "type": "Feature", "properties": { "species": "Parus major", "taxon_id": 203153, "latitude": 52.526886621800003, "longitude": 13.4309477304, "date": "2024-01-31", "year": 2024, "month": 1 }, "geometry": { "type": "Point", "coordinates": [ 13.4309477304, 52.526886621800003 ] } },
{ "type": "Feature", "properties": { "species": "Parus major", "taxon_id": 203153, "latitude": 52.526917090399998, "longitude": 13.4311944933, "date": "2024-01-31", "year": 2024, "month": 1 }, "geometry": { "type": "Point", "coordinates": [ 13.4311944933, 52.526917090399998 ] } },
{ "type": "Feature", "properties": { "species": "Parus major", "taxon_id": 203153, "latitude": 52.5266770924, "longitude": 13.4320791767, "date": "2024-01-31", "year": 2024, "month": 1 }, "geometry": { "type": "Point", "coordinates": [ 13.4320791767, 52.5266770924 ] } },
{ "type": "Feature", "properties": { "species": "Parus major", "taxon_id": 203153, "latitude": 52.568189362299997, "longitude": 13.214506998099999, "date": "2024-01-30", "year": 2024, "month": 1 }, "geometry": { "type": "Point", "coordinates": [ 13.214506998099999, 52.568189362299997 ] } },
{ "type": "Feature", "properties": { "species": "Parus major", "taxon_id": 203153, "latitude": 52.520513703799999, "longitude": 13.1432831213, "date": "2024-01-29", "year": 2024, "month": 1 }, "geometry": { "type": "Point", "coordinates": [ 13.1432831213, 52.520513703799999 ] } },
{ "type": "Feature", "properties": { "species": "Parus major", "taxon_id": 203153, "latitude": 52.523966733000002, "longitude": 13.2880937498, "date": "2024-01-29", "year": 2024, "month": 1 }, "geometry": { "type": "Point", "coordinates": [ 13.2880937498, 52.523966733 ] } },
{ "type": "Feature", "properties": { "species": "Parus major", "taxon_id": 203153, "latitude": 52.450331634500003, "longitude": 13.1066536282, "date": "2024-01-28", "year": 2024, "month": 1 }, "geometry": { "type": "Point", "coordinates": [ 13.1066536282, 52.450331634500003 ] } },
{ "type": "Feature", "properties": { "species": "Parus major", "taxon_id": 203153, "latitude": 52.568150235300003, "longitude": 13.2143246079, "date": "2024-01-25", "year": 2024, "month": 1 }, "geometry": { "type": "Point", "coordinates": [ 13.2143246079, 52.568150235300003 ] } },
{ "type": "Feature", "properties": { "species": "Parus major", "taxon_id": 203153, "latitude": 52.655074972199998, "longitude": 13.191888, "date": "2024-01-25", "year": 2024, "month": 1 }, "geometry": { "type": "Point", "coordinates": [ 13.191888, 52.655074972199998 ] } },
{ "type": "Feature", "properties": { "species": "Parus major", "taxon_id": 203153, "latitude": 52.5682598, "longitude": 13.2144405, "date": "2024-01-23", "year": 2024, "month": 1 }, "geometry": { "type": "Point", "coordinates": [ 13.2144405, 52.5682598 ] } },
{ "type": "Feature", "properties": { "species": "Parus major", "taxon_id": 203153, "latitude": 52.481389420900001, "longitude": 13.1468900562, "date": "2024-01-21", "year": 2024, "month": 1 }, "geometry": { "type": "Point", "coordinates": [ 13.1468900562, 52.481389420900001 ] } },
{ "type": "Feature", "properties": { "species": "Parus major", "taxon_id": 203153, "latitude": 52.4814579568, "longitude": 13.147032596500001, "date": "2024-01-21", "year": 2024, "month": 1 }, "geometry": { "type": "Point", "coordinates": [ 13.147032596500001, 52.4814579568 ] } },
{ "type": "Feature", "properties": { "species": "Parus major", "taxon_id": 203153, "latitude": 52.479769773100003, "longitude": 13.153722181199999, "date": "2024-01-20", "year": 2024, "month": 1 }, "geometry": { "type": "Point", "coordinates": [ 13.153722181199999, 52.479769773100003 ] } },
{ "type": "Feature", "properties": { "species": "Parus major", "taxon_id": 203153, "latitude": 52.527597394200001, "longitude": 13.4187328509, "date": "2024-01-19", "year": 2024, "month": 1 }, "geometry": { "type": "Point", "coordinates": [ 13.4187328509, 52.527597394200001 ] } },
{ "type": "Feature", "properties": { "species": "Parus major", "taxon_id": 203153, "latitude": 52.527597394200001, "longitude": 13.4187328509, "date": "2024-01-19", "year": 2024, "month": 1 }, "geometry": { "type": "Point", "coordinates": [ 13.4187328509, 52.527597394200001 ] } },
{ "type": "Feature", "properties": { "species": "Parus major", "taxon_id": 203153, "latitude": 52.527597394200001, "longitude": 13.4187328509, "date": "2024-01-19", "year": 2024, "month": 1 }, "geometry": { "type": "Point", "coordinates": [ 13.4187328509, 52.527597394200001 ] } },
{ "type": "Feature", "properties": { "species": "Parus major", "taxon_id": 203153, "latitude": 52.479114181, "longitude": 13.1460355454, "date": "2024-01-13", "year": 2024, "month": 1 }, "geometry": { "type": "Point", "coordinates": [ 13.1460355454, 52.479114181 ] } },
{ "type": "Feature", "properties": { "species": "Parus major", "taxon_id": 203153, "latitude": 52.481674698900001, "longitude": 13.1527083977, "date": "2024-01-13", "year": 2024, "month": 1 }, "geometry": { "type": "Point", "coordinates": [ 13.1527083977, 52.481674698900001 ] } },
{ "type": "Feature", "properties": { "species": "Parus major", "taxon_id": 203153, "latitude": 52.205090554999998, "longitude": 12.7176788883, "date": "2024-01-10", "year": 2024, "month": 1 }, "geometry": { "type": "Point", "coordinates": [ 12.7176788883, 52.205090555 ] } },
{ "type": "Feature", "properties": { "species": "Parus major", "taxon_id": 203153, "latitude": 52.428465934599998, "longitude": 13.242451151299999, "date": "2024-01-10", "year": 2024, "month": 1 }, "geometry": { "type": "Point", "coordinates": [ 13.242451151299999, 52.428465934599998 ] } },
{ "type": "Feature", "properties": { "species": "Parus major", "taxon_id": 203153, "latitude": 52.1741752, "longitude": 14.2481051, "date": "2024-01-07", "year": 2024, "month": 1 }, "geometry": { "type": "Point", "coordinates": [ 14.2481051, 52.1741752 ] } },
{ "type": "Feature", "properties": { "species": "Parus major", "taxon_id": 203153, "latitude": 52.511274038000003, "longitude": 13.3634308414, "date": "2024-01-07", "year": 2024, "month": 1 }, "geometry": { "type": "Point", "coordinates": [ 13.3634308414, 52.511274038 ] } },
{ "type": "Feature", "properties": { "species": "Parus major", "taxon_id": 203153, "latitude": 52.519109, "longitude": 13.4505489, "date": "2024-01-07", "year": 2024, "month": 1 }, "geometry": { "type": "Point", "coordinates": [ 13.4505489, 52.519109 ] } },
{ "type": "Feature", "properties": { "species": "Parus major", "taxon_id": 203153, "latitude": 52.51145007, "longitude": 13.3635521201, "date": "2024-01-03", "year": 2024, "month": 1 }, "geometry": { "type": "Point", "coordinates": [ 13.3635521201, 52.51145007 ] } },
{ "type": "Feature", "properties": { "species": "Parus major", "taxon_id": 203153, "latitude": 52.511921110099998, "longitude": 13.35652553, "date": "2024-01-03", "year": 2024, "month": 1 }, "geometry": { "type": "Point", "coordinates": [ 13.35652553, 52.511921110099998 ] } },
{ "type": "Feature", "properties": { "species": "Parus major", "taxon_id": 203153, "latitude": 52.5117386, "longitude": 13.35659291, "date": "2024-01-03", "year": 2024, "month": 1 }, "geometry": { "type": "Point", "coordinates": [ 13.35659291, 52.5117386 ] } },
{ "type": "Feature", "properties": { "species": "Parus major", "taxon_id": 203153, "latitude": 52.51075088, "longitude": 13.35429057, "date": "2024-01-03", "year": 2024, "month": 1 }, "geometry": { "type": "Point", "coordinates": [ 13.35429057, 52.51075088 ] } },
{ "type": "Feature", "properties": { "species": "Parus major", "taxon_id": 203153, "latitude": 52.510610429899998, "longitude": 13.35488705, "date": "2024-01-03", "year": 2024, "month": 1 }, "geometry": { "type": "Point", "coordinates": [ 13.35488705, 52.510610429899998 ] } },
{ "type": "Feature", "properties": { "species": "Parus major", "taxon_id": 203153, "latitude": 52.51042709, "longitude": 13.35414742, "date": "2024-01-03", "year": 2024, "month": 1 }, "geometry": { "type": "Point", "coordinates": [ 13.35414742, 52.51042709 ] } },
{ "type": "Feature", "properties": { "species": "Parus major", "taxon_id": 203153, "latitude": 52.582119363899999, "longitude": 13.014757738, "date": "2024-01-03", "year": 2024, "month": 1 }, "geometry": { "type": "Point", "coordinates": [ 13.014757738, 52.582119363899999 ] } },
{ "type": "Feature", "properties": { "species": "Parus major", "taxon_id": 203153, "latitude": 52.503306088000002, "longitude": 13.356666136499999, "date": "2024-01-01", "year": 2024, "month": 1 }, "geometry": { "type": "Point", "coordinates": [ 13.356666136499999, 52.503306088 ] } },
{ "type": "Feature", "properties": { "species": "Parus major", "taxon_id": 203153, "latitude": 52.512786666700002, "longitude": 13.35, "date": "2023-12-31", "year": 2023, "month": 12 }, "geometry": { "type": "Point", "coordinates": [ 13.35, 52.512786666700002 ] } },
{ "type": "Feature", "properties": { "species": "Parus major", "taxon_id": 203153, "latitude": 52.59335273, "longitude": 13.00446108, "date": "2023-12-27", "year": 2023, "month": 12 }, "geometry": { "type": "Point", "coordinates": [ 13.00446108, 52.59335273 ] } },
{ "type": "Feature", "properties": { "species": "Parus major", "taxon_id": 203153, "latitude": 52.526638333299999, "longitude": 13.2953833333, "date": "2023-12-25", "year": 2023, "month": 12 }, "geometry": { "type": "Point", "coordinates": [ 13.2953833333, 52.526638333299999 ] } },
{ "type": "Feature", "properties": { "species": "Parus major", "taxon_id": 203153, "latitude": 52.413684169500002, "longitude": 13.5930205509, "date": "2023-12-18", "year": 2023, "month": 12 }, "geometry": { "type": "Point", "coordinates": [ 13.5930205509, 52.413684169500002 ] } },
{ "type": "Feature", "properties": { "species": "Parus major", "taxon_id": 203153, "latitude": 52.475243403699999, "longitude": 13.122660618799999, "date": "2023-12-17", "year": 2023, "month": 12 }, "geometry": { "type": "Point", "coordinates": [ 13.122660618799999, 52.475243403699999 ] } },
{ "type": "Feature", "properties": { "species": "Parus major", "taxon_id": 203153, "latitude": 52.474866891799998, "longitude": 13.1246183901, "date": "2023-12-16", "year": 2023, "month": 12 }, "geometry": { "type": "Point", "coordinates": [ 13.1246183901, 52.474866891799998 ] } },
{ "type": "Feature", "properties": { "species": "Parus major", "taxon_id": 203153, "latitude": 52.475038295499999, "longitude": 13.1250289022, "date": "2023-12-10", "year": 2023, "month": 12 }, "geometry": { "type": "Point", "coordinates": [ 13.1250289022, 52.475038295499999 ] } },
{ "type": "Feature", "properties": { "species": "Parus major", "taxon_id": 203153, "latitude": 52.553580966299997, "longitude": 13.355537652000001, "date": "2023-12-03", "year": 2023, "month": 12 }, "geometry": { "type": "Point", "coordinates": [ 13.355537652, 52.553580966299997 ] } },
{ "type": "Feature", "properties": { "species": "Parus major", "taxon_id": 203153, "latitude": 52.522492597099998, "longitude": 13.443119832500001, "date": "2023-12-02", "year": 2023, "month": 12 }, "geometry": { "type": "Point", "coordinates": [ 13.443119832500001, 52.522492597099998 ] } },
{ "type": "Feature", "properties": { "species": "Parus major", "taxon_id": 203153, "latitude": 52.474905701700003, "longitude": 13.1233455475, "date": "2023-11-29", "year": 2023, "month": 11 }, "geometry": { "type": "Point", "coordinates": [ 13.1233455475, 52.474905701700003 ] } },
{ "type": "Feature", "properties": { "species": "Parus major", "taxon_id": 203153, "latitude": 52.452517878400002, "longitude": 13.2346030824, "date": "2023-11-27", "year": 2023, "month": 11 }, "geometry": { "type": "Point", "coordinates": [ 13.2346030824, 52.452517878400002 ] } },
{ "type": "Feature", "properties": { "species": "Parus major", "taxon_id": 203153, "latitude": 52.5200066, "longitude": 13.404954, "date": "2023-11-27", "year": 2023, "month": 11 }, "geometry": { "type": "Point", "coordinates": [ 13.404954, 52.5200066 ] } },
{ "type": "Feature", "properties": { "species": "Parus major", "taxon_id": 203153, "latitude": 52.511015892899998, "longitude": 13.3433801079, "date": "2023-11-27", "year": 2023, "month": 11 }, "geometry": { "type": "Point", "coordinates": [ 13.3433801079, 52.511015892899998 ] } },
{ "type": "Feature", "properties": { "species": "Parus major", "taxon_id": 203153, "latitude": 52.515215932499999, "longitude": 13.342824741299999, "date": "2023-11-26", "year": 2023, "month": 11 }, "geometry": { "type": "Point", "coordinates": [ 13.342824741299999, 52.515215932499999 ] } },
{ "type": "Feature", "properties": { "species": "Parus major", "taxon_id": 203153, "latitude": 52.4873537, "longitude": 13.4698176, "date": "2023-11-06", "year": 2023, "month": 11 }, "geometry": { "type": "Point", "coordinates": [ 13.4698176, 52.4873537 ] } },
{ "type": "Feature", "properties": { "species": "Parus major", "taxon_id": 203153, "latitude": 52.4746400366, "longitude": 13.122026136200001, "date": "2023-11-01", "year": 2023, "month": 11 }, "geometry": { "type": "Point", "coordinates": [ 13.122026136200001, 52.4746400366 ] } },
{ "type": "Feature", "properties": { "species": "Parus major", "taxon_id": 203153, "latitude": 52.475267398600003, "longitude": 13.124772718199999, "date": "2023-10-30", "year": 2023, "month": 10 }, "geometry": { "type": "Point", "coordinates": [ 13.124772718199999, 52.475267398600003 ] } },
{ "type": "Feature", "properties": { "species": "Parus major", "taxon_id": 203153, "latitude": 52.5283866997, "longitude": 13.3317428, "date": "2023-10-23", "year": 2023, "month": 10 }, "geometry": { "type": "Point", "coordinates": [ 13.3317428, 52.5283866997 ] } },
{ "type": "Feature", "properties": { "species": "Parus major", "taxon_id": 203153, "latitude": 52.487817198000002, "longitude": 13.147008233199999, "date": "2023-10-23", "year": 2023, "month": 10 }, "geometry": { "type": "Point", "coordinates": [ 13.147008233199999, 52.487817198 ] } },
{ "type": "Feature", "properties": { "species": "Parus major", "taxon_id": 203153, "latitude": 52.549610120499999, "longitude": 13.3592895098, "date": "2023-10-22", "year": 2023, "month": 10 }, "geometry": { "type": "Point", "coordinates": [ 13.3592895098, 52.549610120499999 ] } },
{ "type": "Feature", "properties": { "species": "Parus major", "taxon_id": 203153, "latitude": 52.476600673699998, "longitude": 13.486627924, "date": "2023-10-22", "year": 2023, "month": 10 }, "geometry": { "type": "Point", "coordinates": [ 13.486627924, 52.476600673699998 ] } },
{ "type": "Feature", "properties": { "species": "Parus major", "taxon_id": 203153, "latitude": 52.419161459800002, "longitude": 13.2786207274, "date": "2023-10-22", "year": 2023, "month": 10 }, "geometry": { "type": "Point", "coordinates": [ 13.2786207274, 52.419161459800002 ] } },
{ "type": "Feature", "properties": { "species": "Parus major", "taxon_id": 203153, "latitude": 52.416094997199998, "longitude": 13.6520214379, "date": "2023-10-17", "year": 2023, "month": 10 }, "geometry": { "type": "Point", "coordinates": [ 13.6520214379, 52.416094997199998 ] } },
{ "type": "Feature", "properties": { "species": "Parus major", "taxon_id": 203153, "latitude": 52.416202969099999, "longitude": 13.645924776799999, "date": "2023-10-17", "year": 2023, "month": 10 }, "geometry": { "type": "Point", "coordinates": [ 13.645924776799999, 52.416202969099999 ] } },
{ "type": "Feature", "properties": { "species": "Parus major", "taxon_id": 203153, "latitude": 52.483901849, "longitude": 13.310608517, "date": "2023-10-14", "year": 2023, "month": 10 }, "geometry": { "type": "Point", "coordinates": [ 13.310608517, 52.483901849 ] } },
{ "type": "Feature", "properties": { "species": "Parus major", "taxon_id": 203153, "latitude": 52.475442494500001, "longitude": 14.1073636338, "date": "2023-10-08", "year": 2023, "month": 10 }, "geometry": { "type": "Point", "coordinates": [ 14.1073636338, 52.475442494500001 ] } },
{ "type": "Feature", "properties": { "species": "Parus major", "taxon_id": 203153, "latitude": 52.474743875800002, "longitude": 13.124403299800001, "date": "2023-10-08", "year": 2023, "month": 10 }, "geometry": { "type": "Point", "coordinates": [ 13.124403299800001, 52.474743875800002 ] } },
{ "type": "Feature", "properties": { "species": "Parus major", "taxon_id": 203153, "latitude": 52.4886452947, "longitude": 13.409292817200001, "date": "2023-10-08", "year": 2023, "month": 10 }, "geometry": { "type": "Point", "coordinates": [ 13.409292817200001, 52.4886452947 ] } },
{ "type": "Feature", "properties": { "species": "Parus major", "taxon_id": 203153, "latitude": 52.426186560300003, "longitude": 13.11955522, "date": "2023-10-06", "year": 2023, "month": 10 }, "geometry": { "type": "Point", "coordinates": [ 13.11955522, 52.426186560300003 ] } },
{ "type": "Feature", "properties": { "species": "Parus major", "taxon_id": 203153, "latitude": 52.4111217727, "longitude": 13.0103245108, "date": "2023-10-03", "year": 2023, "month": 10 }, "geometry": { "type": "Point", "coordinates": [ 13.0103245108, 52.4111217727 ] } },
{ "type": "Feature", "properties": { "species": "Parus major", "taxon_id": 203153, "latitude": 52.4742210685, "longitude": 13.1245749612, "date": "2023-10-02", "year": 2023, "month": 10 }, "geometry": { "type": "Point", "coordinates": [ 13.1245749612, 52.4742210685 ] } },
{ "type": "Feature", "properties": { "species": "Parus major", "taxon_id": 203153, "latitude": 52.512071666700002, "longitude": 13.3565466667, "date": "2023-10-01", "year": 2023, "month": 10 }, "geometry": { "type": "Point", "coordinates": [ 13.3565466667, 52.512071666700002 ] } },
{ "type": "Feature", "properties": { "species": "Parus major", "taxon_id": 203153, "latitude": 52.527018290800001, "longitude": 13.4327457494, "date": "2023-10-01", "year": 2023, "month": 10 }, "geometry": { "type": "Point", "coordinates": [ 13.4327457494, 52.527018290800001 ] } },
{ "type": "Feature", "properties": { "species": "Parus major", "taxon_id": 203153, "latitude": 52.47478435, "longitude": 13.12374623, "date": "2023-09-30", "year": 2023, "month": 9 }, "geometry": { "type": "Point", "coordinates": [ 13.12374623, 52.47478435 ] } },
{ "type": "Feature", "properties": { "species": "Parus major", "taxon_id": 203153, "latitude": 52.431843531799998, "longitude": 13.0863789282, "date": "2023-09-30", "year": 2023, "month": 9 }, "geometry": { "type": "Point", "coordinates": [ 13.0863789282, 52.431843531799998 ] } },
{ "type": "Feature", "properties": { "species": "Parus major", "taxon_id": 203153, "latitude": 52.479419149500004, "longitude": 13.1560905722, "date": "2023-09-23", "year": 2023, "month": 9 }, "geometry": { "type": "Point", "coordinates": [ 13.1560905722, 52.479419149500004 ] } },
{ "type": "Feature", "properties": { "species": "Parus major", "taxon_id": 203153, "latitude": 52.620710752400001, "longitude": 13.4673680376, "date": "2023-09-23", "year": 2023, "month": 9 }, "geometry": { "type": "Point", "coordinates": [ 13.4673680376, 52.620710752400001 ] } },
{ "type": "Feature", "properties": { "species": "Parus major", "taxon_id": 203153, "latitude": 52.538887728100001, "longitude": 13.615808766300001, "date": "2023-09-20", "year": 2023, "month": 9 }, "geometry": { "type": "Point", "coordinates": [ 13.615808766300001, 52.538887728100001 ] } },
{ "type": "Feature", "properties": { "species": "Parus major", "taxon_id": 203153, "latitude": 52.771476666700003, "longitude": 12.8842577783, "date": "2023-09-16", "year": 2023, "month": 9 }, "geometry": { "type": "Point", "coordinates": [ 12.8842577783, 52.771476666700003 ] } },
{ "type": "Feature", "properties": { "species": "Parus major", "taxon_id": 203153, "latitude": 52.479175225399999, "longitude": 13.156463479699999, "date": "2023-09-16", "year": 2023, "month": 9 }, "geometry": { "type": "Point", "coordinates": [ 13.156463479699999, 52.479175225399999 ] } },
{ "type": "Feature", "properties": { "species": "Parus major", "taxon_id": 203153, "latitude": 52.5172188015, "longitude": 13.347858607099999, "date": "2023-09-15", "year": 2023, "month": 9 }, "geometry": { "type": "Point", "coordinates": [ 13.347858607099999, 52.5172188015 ] } },
{ "type": "Feature", "properties": { "species": "Parus major", "taxon_id": 203153, "latitude": 52.493161666699997, "longitude": 13.3399283333, "date": "2023-09-14", "year": 2023, "month": 9 }, "geometry": { "type": "Point", "coordinates": [ 13.3399283333, 52.493161666699997 ] } },
{ "type": "Feature", "properties": { "species": "Parus major", "taxon_id": 203153, "latitude": 52.412359579399997, "longitude": 13.8235795498, "date": "2023-09-02", "year": 2023, "month": 9 }, "geometry": { "type": "Point", "coordinates": [ 13.8235795498, 52.412359579399997 ] } },
{ "type": "Feature", "properties": { "species": "Parus major", "taxon_id": 203153, "latitude": 52.48009697, "longitude": 13.637103997200001, "date": "2023-08-27", "year": 2023, "month": 8 }, "geometry": { "type": "Point", "coordinates": [ 13.637103997200001, 52.48009697 ] } },
{ "type": "Feature", "properties": { "species": "Parus major", "taxon_id": 203153, "latitude": 52.3610029086, "longitude": 13.6948777907, "date": "2023-08-26", "year": 2023, "month": 8 }, "geometry": { "type": "Point", "coordinates": [ 13.6948777907, 52.3610029086 ] } },
{ "type": "Feature", "properties": { "species": "Parus major", "taxon_id": 203153, "latitude": 52.419816666700001, "longitude": 13.070490555599999, "date": "2023-08-12", "year": 2023, "month": 8 }, "geometry": { "type": "Point", "coordinates": [ 13.070490555599999, 52.419816666700001 ] } },
{ "type": "Feature", "properties": { "species": "Parus major", "taxon_id": 203153, "latitude": 52.404275588700003, "longitude": 13.036672063199999, "date": "2023-08-12", "year": 2023, "month": 8 }, "geometry": { "type": "Point", "coordinates": [ 13.036672063199999, 52.404275588700003 ] } },
{ "type": "Feature", "properties": { "species": "Parus major", "taxon_id": 203153, "latitude": 52.46931773, "longitude": 13.19672025, "date": "2023-08-10", "year": 2023, "month": 8 }, "geometry": { "type": "Point", "coordinates": [ 13.19672025, 52.46931773 ] } },
{ "type": "Feature", "properties": { "species": "Parus major", "taxon_id": 203153, "latitude": 52.712312599699999, "longitude": 13.648346, "date": "2023-07-30", "year": 2023, "month": 7 }, "geometry": { "type": "Point", "coordinates": [ 13.648346, 52.712312599699999 ] } },
{ "type": "Feature", "properties": { "species": "Parus major", "taxon_id": 203153, "latitude": 52.454928474, "longitude": 13.305660659799999, "date": "2023-07-27", "year": 2023, "month": 7 }, "geometry": { "type": "Point", "coordinates": [ 13.305660659799999, 52.454928474 ] } },
{ "type": "Feature", "properties": { "species": "Parus major", "taxon_id": 203153, "latitude": 52.455888238199996, "longitude": 13.299693167199999, "date": "2023-07-27", "year": 2023, "month": 7 }, "geometry": { "type": "Point", "coordinates": [ 13.299693167199999, 52.455888238199996 ] } },
{ "type": "Feature", "properties": { "species": "Parus major", "taxon_id": 203153, "latitude": 52.482727027800003, "longitude": 13.4116325278, "date": "2023-07-27", "year": 2023, "month": 7 }, "geometry": { "type": "Point", "coordinates": [ 13.4116325278, 52.482727027800003 ] } },
{ "type": "Feature", "properties": { "species": "Parus major", "taxon_id": 203153, "latitude": 52.512170520200002, "longitude": 13.3584040403, "date": "2023-07-26", "year": 2023, "month": 7 }, "geometry": { "type": "Point", "coordinates": [ 13.3584040403, 52.512170520200002 ] } },
{ "type": "Feature", "properties": { "species": "Parus major", "taxon_id": 203153, "latitude": 52.476965, "longitude": 13.634615, "date": "2023-07-22", "year": 2023, "month": 7 }, "geometry": { "type": "Point", "coordinates": [ 13.634615, 52.476965 ] } },
{ "type": "Feature", "properties": { "species": "Parus major", "taxon_id": 203153, "latitude": 52.417293755000003, "longitude": 12.9601441099, "date": "2023-07-10", "year": 2023, "month": 7 }, "geometry": { "type": "Point", "coordinates": [ 12.9601441099, 52.417293755 ] } },
{ "type": "Feature", "properties": { "species": "Parus major", "taxon_id": 203153, "latitude": 52.4592553, "longitude": 13.3679286, "date": "2023-07-01", "year": 2023, "month": 7 }, "geometry": { "type": "Point", "coordinates": [ 13.3679286, 52.4592553 ] } },
{ "type": "Feature", "properties": { "species": "Parus major", "taxon_id": 203153, "latitude": 52.533611111100001, "longitude": 13.4340333333, "date": "2023-06-24", "year": 2023, "month": 6 }, "geometry": { "type": "Point", "coordinates": [ 13.4340333333, 52.533611111100001 ] } },
{ "type": "Feature", "properties": { "species": "Parus major", "taxon_id": 203153, "latitude": 52.632033041500002, "longitude": 13.2011404261, "date": "2023-06-11", "year": 2023, "month": 6 }, "geometry": { "type": "Point", "coordinates": [ 13.2011404261, 52.632033041500002 ] } },
{ "type": "Feature", "properties": { "species": "Parus major", "taxon_id": 203153, "latitude": 52.410776052300001, "longitude": 13.615805273399999, "date": "2023-06-10", "year": 2023, "month": 6 }, "geometry": { "type": "Point", "coordinates": [ 13.615805273399999, 52.410776052300001 ] } },
{ "type": "Feature", "properties": { "species": "Parus major", "taxon_id": 203153, "latitude": 52.387947082499998, "longitude": 13.3988685606, "date": "2023-06-08", "year": 2023, "month": 6 }, "geometry": { "type": "Point", "coordinates": [ 13.3988685606, 52.387947082499998 ] } },
{ "type": "Feature", "properties": { "species": "Parus major", "taxon_id": 203153, "latitude": 52.5123455, "longitude": 13.3605879997, "date": "2023-06-05", "year": 2023, "month": 6 }, "geometry": { "type": "Point", "coordinates": [ 13.3605879997, 52.5123455 ] } },
{ "type": "Feature", "properties": { "species": "Parus major", "taxon_id": 203153, "latitude": 52.6340915, "longitude": 14.1981492, "date": "2023-06-04", "year": 2023, "month": 6 }, "geometry": { "type": "Point", "coordinates": [ 14.1981492, 52.6340915 ] } },
{ "type": "Feature", "properties": { "species": "Parus major", "taxon_id": 203153, "latitude": 52.685540256000003, "longitude": 13.182806186400001, "date": "2023-05-22", "year": 2023, "month": 5 }, "geometry": { "type": "Point", "coordinates": [ 13.182806186400001, 52.685540256 ] } },
{ "type": "Feature", "properties": { "species": "Parus major", "taxon_id": 203153, "latitude": 52.526798248299997, "longitude": 13.434496879599999, "date": "2023-05-20", "year": 2023, "month": 5 }, "geometry": { "type": "Point", "coordinates": [ 13.434496879599999, 52.526798248299997 ] } },
{ "type": "Feature", "properties": { "species": "Parus major", "taxon_id": 203153, "latitude": 52.5369405, "longitude": 13.3062642, "date": "2023-05-18", "year": 2023, "month": 5 }, "geometry": { "type": "Point", "coordinates": [ 13.3062642, 52.5369405 ] } },
{ "type": "Feature", "properties": { "species": "Parus major", "taxon_id": 203153, "latitude": 52.474496243099999, "longitude": 13.1238280302, "date": "2023-05-14", "year": 2023, "month": 5 }, "geometry": { "type": "Point", "coordinates": [ 13.1238280302, 52.474496243099999 ] } },
{ "type": "Feature", "properties": { "species": "Parus major", "taxon_id": 203153, "latitude": 52.528723509800002, "longitude": 13.447887555399999, "date": "2023-05-13", "year": 2023, "month": 5 }, "geometry": { "type": "Point", "coordinates": [ 13.447887555399999, 52.528723509800002 ] } },
{ "type": "Feature", "properties": { "species": "Parus major", "taxon_id": 203153, "latitude": 52.526417806600001, "longitude": 13.3425996445, "date": "2023-05-11", "year": 2023, "month": 5 }, "geometry": { "type": "Point", "coordinates": [ 13.3425996445, 52.526417806600001 ] } },
{ "type": "Feature", "properties": { "species": "Parus major", "taxon_id": 203153, "latitude": 52.517327812600001, "longitude": 13.3326512605, "date": "2023-04-30", "year": 2023, "month": 4 }, "geometry": { "type": "Point", "coordinates": [ 13.3326512605, 52.517327812600001 ] } },
{ "type": "Feature", "properties": { "species": "Parus major", "taxon_id": 203153, "latitude": 52.566130845700002, "longitude": 13.1916808786, "date": "2023-04-30", "year": 2023, "month": 4 }, "geometry": { "type": "Point", "coordinates": [ 13.1916808786, 52.566130845700002 ] } },
{ "type": "Feature", "properties": { "species": "Parus major", "taxon_id": 203153, "latitude": 52.5141638009, "longitude": 13.353010366099999, "date": "2023-04-29", "year": 2023, "month": 4 }, "geometry": { "type": "Point", "coordinates": [ 13.353010366099999, 52.5141638009 ] } },
{ "type": "Feature", "properties": { "species": "Parus major", "taxon_id": 203153, "latitude": 52.514302870199998, "longitude": 13.353037713100001, "date": "2023-04-29", "year": 2023, "month": 4 }, "geometry": { "type": "Point", "coordinates": [ 13.353037713100001, 52.514302870199998 ] } },
{ "type": "Feature", "properties": { "species": "Parus major", "taxon_id": 203153, "latitude": 52.409858922799998, "longitude": 13.7483240783, "date": "2023-04-28", "year": 2023, "month": 4 }, "geometry": { "type": "Point", "coordinates": [ 13.7483240783, 52.409858922799998 ] } },
{ "type": "Feature", "properties": { "species": "Parus major", "taxon_id": 203153, "latitude": 52.404851385599997, "longitude": 14.0472720936, "date": "2023-04-25", "year": 2023, "month": 4 }, "geometry": { "type": "Point", "coordinates": [ 14.0472720936, 52.404851385599997 ] } },
{ "type": "Feature", "properties": { "species": "Parus major", "taxon_id": 203153, "latitude": 52.407858553600001, "longitude": 13.009927751499999, "date": "2023-04-25", "year": 2023, "month": 4 }, "geometry": { "type": "Point", "coordinates": [ 13.009927751499999, 52.407858553600001 ] } },
{ "type": "Feature", "properties": { "species": "Parus major", "taxon_id": 203153, "latitude": 52.3961825572, "longitude": 13.027663674899999, "date": "2023-04-21", "year": 2023, "month": 4 }, "geometry": { "type": "Point", "coordinates": [ 13.027663674899999, 52.3961825572 ] } },
{ "type": "Feature", "properties": { "species": "Parus major", "taxon_id": 203153, "latitude": 52.587674856, "longitude": 13.1970151886, "date": "2023-04-16", "year": 2023, "month": 4 }, "geometry": { "type": "Point", "coordinates": [ 13.1970151886, 52.587674856 ] } },
{ "type": "Feature", "properties": { "species": "Parus major", "taxon_id": 203153, "latitude": 52.485042629399999, "longitude": 13.471777657800001, "date": "2023-04-14", "year": 2023, "month": 4 }, "geometry": { "type": "Point", "coordinates": [ 13.471777657800001, 52.485042629399999 ] } },
{ "type": "Feature", "properties": { "species": "Parus major", "taxon_id": 203153, "latitude": 52.331675896500002, "longitude": 13.425564810199999, "date": "2023-04-13", "year": 2023, "month": 4 }, "geometry": { "type": "Point", "coordinates": [ 13.425564810199999, 52.331675896500002 ] } },
{ "type": "Feature", "properties": { "species": "Parus major", "taxon_id": 203153, "latitude": 52.4839, "longitude": 13.485385, "date": "2023-04-09", "year": 2023, "month": 4 }, "geometry": { "type": "Point", "coordinates": [ 13.485385, 52.4839 ] } },
{ "type": "Feature", "properties": { "species": "Parus major", "taxon_id": 203153, "latitude": 52.775705, "longitude": 13.2427933333, "date": "2023-04-07", "year": 2023, "month": 4 }, "geometry": { "type": "Point", "coordinates": [ 13.2427933333, 52.775705 ] } },
{ "type": "Feature", "properties": { "species": "Parus major", "taxon_id": 203153, "latitude": 52.5265210106, "longitude": 13.433303543199999, "date": "2023-04-02", "year": 2023, "month": 4 }, "geometry": { "type": "Point", "coordinates": [ 13.433303543199999, 52.5265210106 ] } },
{ "type": "Feature", "properties": { "species": "Parus major", "taxon_id": 203153, "latitude": 52.409858922799998, "longitude": 13.7483240783, "date": "2023-03-29", "year": 2023, "month": 3 }, "geometry": { "type": "Point", "coordinates": [ 13.7483240783, 52.409858922799998 ] } },
{ "type": "Feature", "properties": { "species": "Parus major", "taxon_id": 203153, "latitude": 52.788315, "longitude": 13.836645, "date": "2023-03-26", "year": 2023, "month": 3 }, "geometry": { "type": "Point", "coordinates": [ 13.836645, 52.788315 ] } },
{ "type": "Feature", "properties": { "species": "Parus major", "taxon_id": 203153, "latitude": 52.788806666699998, "longitude": 13.835365, "date": "2023-03-26", "year": 2023, "month": 3 }, "geometry": { "type": "Point", "coordinates": [ 13.835365, 52.788806666699998 ] } },
{ "type": "Feature", "properties": { "species": "Parus major", "taxon_id": 203153, "latitude": 52.4535268124, "longitude": 13.304553778100001, "date": "2023-03-26", "year": 2023, "month": 3 }, "geometry": { "type": "Point", "coordinates": [ 13.304553778100001, 52.4535268124 ] } },
{ "type": "Feature", "properties": { "species": "Parus major", "taxon_id": 203153, "latitude": 52.5266827556, "longitude": 13.4302161154, "date": "2023-03-25", "year": 2023, "month": 3 }, "geometry": { "type": "Point", "coordinates": [ 13.4302161154, 52.5266827556 ] } },
{ "type": "Feature", "properties": { "species": "Parus major", "taxon_id": 203153, "latitude": 52.996131666700002, "longitude": 14.185058333300001, "date": "2023-03-25", "year": 2023, "month": 3 }, "geometry": { "type": "Point", "coordinates": [ 14.185058333300001, 52.996131666700002 ] } },
{ "type": "Feature", "properties": { "species": "Parus major", "taxon_id": 203153, "latitude": 52.409025191399998, "longitude": 13.008504331099999, "date": "2023-03-25", "year": 2023, "month": 3 }, "geometry": { "type": "Point", "coordinates": [ 13.008504331099999, 52.409025191399998 ] } },
{ "type": "Feature", "properties": { "species": "Parus major", "taxon_id": 203153, "latitude": 52.538263862999997, "longitude": 13.615455385300001, "date": "2023-03-21", "year": 2023, "month": 3 }, "geometry": { "type": "Point", "coordinates": [ 13.615455385300001, 52.538263863 ] } },
{ "type": "Feature", "properties": { "species": "Parus major", "taxon_id": 203153, "latitude": 52.512968335399997, "longitude": 13.4645648673, "date": "2023-03-19", "year": 2023, "month": 3 }, "geometry": { "type": "Point", "coordinates": [ 13.4645648673, 52.512968335399997 ] } },
{ "type": "Feature", "properties": { "species": "Parus major", "taxon_id": 203153, "latitude": 52.5117333333, "longitude": 13.362155, "date": "2023-03-19", "year": 2023, "month": 3 }, "geometry": { "type": "Point", "coordinates": [ 13.362155, 52.5117333333 ] } },
{ "type": "Feature", "properties": { "species": "Parus major", "taxon_id": 203153, "latitude": 52.511354121899998, "longitude": 13.363442905199999, "date": "2023-03-19", "year": 2023, "month": 3 }, "geometry": { "type": "Point", "coordinates": [ 13.363442905199999, 52.511354121899998 ] } },
{ "type": "Feature", "properties": { "species": "Parus major", "taxon_id": 203153, "latitude": 52.527722792200002, "longitude": 13.435578019699999, "date": "2023-03-18", "year": 2023, "month": 3 }, "geometry": { "type": "Point", "coordinates": [ 13.435578019699999, 52.527722792200002 ] } },
{ "type": "Feature", "properties": { "species": "Parus major", "taxon_id": 203153, "latitude": 52.48334599, "longitude": 13.31715229, "date": "2023-03-15", "year": 2023, "month": 3 }, "geometry": { "type": "Point", "coordinates": [ 13.31715229, 52.48334599 ] } },
{ "type": "Feature", "properties": { "species": "Parus major", "taxon_id": 203153, "latitude": 52.5324972222, "longitude": 13.337741666699999, "date": "2023-03-13", "year": 2023, "month": 3 }, "geometry": { "type": "Point", "coordinates": [ 13.337741666699999, 52.5324972222 ] } },
{ "type": "Feature", "properties": { "species": "Parus major", "taxon_id": 203153, "latitude": 52.527958200599997, "longitude": 13.4348913614, "date": "2023-03-12", "year": 2023, "month": 3 }, "geometry": { "type": "Point", "coordinates": [ 13.4348913614, 52.527958200599997 ] } },
{ "type": "Feature", "properties": { "species": "Parus major", "taxon_id": 203153, "latitude": 52.5122576602, "longitude": 13.368105201900001, "date": "2023-03-11", "year": 2023, "month": 3 }, "geometry": { "type": "Point", "coordinates": [ 13.368105201900001, 52.5122576602 ] } },
{ "type": "Feature", "properties": { "species": "Parus major", "taxon_id": 203153, "latitude": 52.527611897100002, "longitude": 13.438972957900001, "date": "2023-03-10", "year": 2023, "month": 3 }, "geometry": { "type": "Point", "coordinates": [ 13.438972957900001, 52.527611897100002 ] } },
{ "type": "Feature", "properties": { "species": "Parus major", "taxon_id": 203153, "latitude": 52.508103480099997, "longitude": 13.27009529, "date": "2023-03-10", "year": 2023, "month": 3 }, "geometry": { "type": "Point", "coordinates": [ 13.27009529, 52.508103480099997 ] } },
{ "type": "Feature", "properties": { "species": "Parus major", "taxon_id": 203153, "latitude": 52.477321461099997, "longitude": 13.2261314272, "date": "2023-03-08", "year": 2023, "month": 3 }, "geometry": { "type": "Point", "coordinates": [ 13.2261314272, 52.477321461099997 ] } },
{ "type": "Feature", "properties": { "species": "Parus major", "taxon_id": 203153, "latitude": 52.510973452599998, "longitude": 13.3690375773, "date": "2023-03-08", "year": 2023, "month": 3 }, "geometry": { "type": "Point", "coordinates": [ 13.3690375773, 52.510973452599998 ] } },
{ "type": "Feature", "properties": { "species": "Parus major", "taxon_id": 203153, "latitude": 52.513961807800001, "longitude": 13.355758359199999, "date": "2023-03-06", "year": 2023, "month": 3 }, "geometry": { "type": "Point", "coordinates": [ 13.355758359199999, 52.513961807800001 ] } },
{ "type": "Feature", "properties": { "species": "Parus major", "taxon_id": 203153, "latitude": 52.512458756500003, "longitude": 13.3551484331, "date": "2023-03-05", "year": 2023, "month": 3 }, "geometry": { "type": "Point", "coordinates": [ 13.3551484331, 52.512458756500003 ] } },
{ "type": "Feature", "properties": { "species": "Parus major", "taxon_id": 203153, "latitude": 52.452736666699998, "longitude": 13.310663333300001, "date": "2023-03-04", "year": 2023, "month": 3 }, "geometry": { "type": "Point", "coordinates": [ 13.310663333300001, 52.452736666699998 ] } },
{ "type": "Feature", "properties": { "species": "Parus major", "taxon_id": 203153, "latitude": 52.536791666699997, "longitude": 13.611686666700001, "date": "2023-03-03", "year": 2023, "month": 3 }, "geometry": { "type": "Point", "coordinates": [ 13.611686666700001, 52.536791666699997 ] } },
{ "type": "Feature", "properties": { "species": "Parus major", "taxon_id": 203153, "latitude": 52.515548995000003, "longitude": 13.360627256300001, "date": "2023-02-27", "year": 2023, "month": 2 }, "geometry": { "type": "Point", "coordinates": [ 13.360627256300001, 52.515548995 ] } },
{ "type": "Feature", "properties": { "species": "Parus major", "taxon_id": 203153, "latitude": 52.509801937799999, "longitude": 13.3631686437, "date": "2023-02-26", "year": 2023, "month": 2 }, "geometry": { "type": "Point", "coordinates": [ 13.3631686437, 52.509801937799999 ] } },
{ "type": "Feature", "properties": { "species": "Parus major", "taxon_id": 203153, "latitude": 52.4727219902, "longitude": 13.3104577102, "date": "2023-02-22", "year": 2023, "month": 2 }, "geometry": { "type": "Point", "coordinates": [ 13.3104577102, 52.4727219902 ] } },
{ "type": "Feature", "properties": { "species": "Parus major", "taxon_id": 203153, "latitude": 52.612524048700003, "longitude": 13.319197919800001, "date": "2023-02-19", "year": 2023, "month": 2 }, "geometry": { "type": "Point", "coordinates": [ 13.319197919800001, 52.612524048700003 ] } },
{ "type": "Feature", "properties": { "species": "Parus major", "taxon_id": 203153, "latitude": 52.6223944503, "longitude": 13.336009701, "date": "2023-02-19", "year": 2023, "month": 2 }, "geometry": { "type": "Point", "coordinates": [ 13.336009701, 52.6223944503 ] } },
{ "type": "Feature", "properties": { "species": "Parus major", "taxon_id": 203153, "latitude": 52.411970003, "longitude": 13.012163853000001, "date": "2023-02-19", "year": 2023, "month": 2 }, "geometry": { "type": "Point", "coordinates": [ 13.012163853, 52.411970003 ] } },
{ "type": "Feature", "properties": { "species": "Parus major", "taxon_id": 203153, "latitude": 52.475855923700003, "longitude": 13.266037922400001, "date": "2023-02-13", "year": 2023, "month": 2 }, "geometry": { "type": "Point", "coordinates": [ 13.266037922400001, 52.475855923700003 ] } },
{ "type": "Feature", "properties": { "species": "Parus major", "taxon_id": 203153, "latitude": 52.302863937799998, "longitude": 13.543629767400001, "date": "2023-02-12", "year": 2023, "month": 2 }, "geometry": { "type": "Point", "coordinates": [ 13.543629767400001, 52.302863937799998 ] } },
{ "type": "Feature", "properties": { "species": "Parus major", "taxon_id": 203153, "latitude": 52.4103065563, "longitude": 13.7502622604, "date": "2023-02-06", "year": 2023, "month": 2 }, "geometry": { "type": "Point", "coordinates": [ 13.7502622604, 52.4103065563 ] } },
{ "type": "Feature", "properties": { "species": "Parus major", "taxon_id": 203153, "latitude": 52.528205034300001, "longitude": 13.4350085165, "date": "2023-02-05", "year": 2023, "month": 2 }, "geometry": { "type": "Point", "coordinates": [ 13.4350085165, 52.528205034300001 ] } },
{ "type": "Feature", "properties": { "species": "Parus major", "taxon_id": 203153, "latitude": 52.530947222199998, "longitude": 13.3379833333, "date": "2023-01-13", "year": 2023, "month": 1 }, "geometry": { "type": "Point", "coordinates": [ 13.3379833333, 52.530947222199998 ] } },
{ "type": "Feature", "properties": { "species": "Parus major", "taxon_id": 203153, "latitude": 52.519002358900003, "longitude": 13.4513967615, "date": "2023-01-08", "year": 2023, "month": 1 }, "geometry": { "type": "Point", "coordinates": [ 13.4513967615, 52.519002358900003 ] } },
{ "type": "Feature", "properties": { "species": "Parus major", "taxon_id": 203153, "latitude": 52.452201, "longitude": 13.232695, "date": "2023-01-08", "year": 2023, "month": 1 }, "geometry": { "type": "Point", "coordinates": [ 13.232695, 52.452201 ] } },
{ "type": "Feature", "properties": { "species": "Parus major", "taxon_id": 203153, "latitude": 52.513253787899998, "longitude": 13.345118037500001, "date": "2023-01-07", "year": 2023, "month": 1 }, "geometry": { "type": "Point", "coordinates": [ 13.345118037500001, 52.513253787899998 ] } },
{ "type": "Feature", "properties": { "species": "Parus major", "taxon_id": 203153, "latitude": 52.5108796564, "longitude": 13.363090182100001, "date": "2023-01-07", "year": 2023, "month": 1 }, "geometry": { "type": "Point", "coordinates": [ 13.363090182100001, 52.5108796564 ] } },
{ "type": "Feature", "properties": { "species": "Parus major", "taxon_id": 203153, "latitude": 52.560433830599997, "longitude": 13.3087936508, "date": "2023-01-01", "year": 2023, "month": 1 }, "geometry": { "type": "Point", "coordinates": [ 13.3087936508, 52.560433830599997 ] } },
{ "type": "Feature", "properties": { "species": "Parus major", "taxon_id": 203153, "latitude": 52.4103065563, "longitude": 13.7502622604, "date": "2022-12-29", "year": 2022, "month": 12 }, "geometry": { "type": "Point", "coordinates": [ 13.7502622604, 52.4103065563 ] } },
{ "type": "Feature", "properties": { "species": "Parus major", "taxon_id": 203153, "latitude": 52.568436350799999, "longitude": 13.0668479699, "date": "2022-12-28", "year": 2022, "month": 12 }, "geometry": { "type": "Point", "coordinates": [ 13.0668479699, 52.568436350799999 ] } },
{ "type": "Feature", "properties": { "species": "Parus major", "taxon_id": 203153, "latitude": 52.512901001199999, "longitude": 13.347880393300001, "date": "2022-12-24", "year": 2022, "month": 12 }, "geometry": { "type": "Point", "coordinates": [ 13.347880393300001, 52.512901001199999 ] } },
{ "type": "Feature", "properties": { "species": "Parus major", "taxon_id": 203153, "latitude": 52.410961294700002, "longitude": 13.0116891702, "date": "2022-12-10", "year": 2022, "month": 12 }, "geometry": { "type": "Point", "coordinates": [ 13.0116891702, 52.410961294700002 ] } },
{ "type": "Feature", "properties": { "species": "Parus major", "taxon_id": 203153, "latitude": 52.410738780400003, "longitude": 13.010702117299999, "date": "2022-12-10", "year": 2022, "month": 12 }, "geometry": { "type": "Point", "coordinates": [ 13.010702117299999, 52.410738780400003 ] } },
{ "type": "Feature", "properties": { "species": "Parus major", "taxon_id": 203153, "latitude": 52.410411551499998, "longitude": 13.0112171014, "date": "2022-12-10", "year": 2022, "month": 12 }, "geometry": { "type": "Point", "coordinates": [ 13.0112171014, 52.410411551499998 ] } },
{ "type": "Feature", "properties": { "species": "Parus major", "taxon_id": 203153, "latitude": 52.410372283800001, "longitude": 13.010842995899999, "date": "2022-12-10", "year": 2022, "month": 12 }, "geometry": { "type": "Point", "coordinates": [ 13.010842995899999, 52.410372283800001 ] } },
{ "type": "Feature", "properties": { "species": "Parus major", "taxon_id": 203153, "latitude": 52.409560862500001, "longitude": 13.011164861, "date": "2022-12-10", "year": 2022, "month": 12 }, "geometry": { "type": "Point", "coordinates": [ 13.011164861, 52.409560862500001 ] } },
{ "type": "Feature", "properties": { "species": "Parus major", "taxon_id": 203153, "latitude": 52.409678667400001, "longitude": 13.0112721494, "date": "2022-12-10", "year": 2022, "month": 12 }, "geometry": { "type": "Point", "coordinates": [ 13.0112721494, 52.409678667400001 ] } },
{ "type": "Feature", "properties": { "species": "Parus major", "taxon_id": 203153, "latitude": 52.409665578000002, "longitude": 13.011289088, "date": "2022-12-10", "year": 2022, "month": 12 }, "geometry": { "type": "Point", "coordinates": [ 13.011289088, 52.409665578 ] } },
{ "type": "Feature", "properties": { "species": "Parus major", "taxon_id": 203153, "latitude": 52.511608572100002, "longitude": 13.3639790118, "date": "2022-12-08", "year": 2022, "month": 12 }, "geometry": { "type": "Point", "coordinates": [ 13.3639790118, 52.511608572100002 ] } },
{ "type": "Feature", "properties": { "species": "Parus major", "taxon_id": 203153, "latitude": 52.409620537499997, "longitude": 13.0112290846, "date": "2022-12-03", "year": 2022, "month": 12 }, "geometry": { "type": "Point", "coordinates": [ 13.0112290846, 52.409620537499997 ] } },
{ "type": "Feature", "properties": { "species": "Parus major", "taxon_id": 203153, "latitude": 52.409699074099997, "longitude": 13.011379288300001, "date": "2022-12-03", "year": 2022, "month": 12 }, "geometry": { "type": "Point", "coordinates": [ 13.011379288300001, 52.409699074099997 ] } },
{ "type": "Feature", "properties": { "species": "Parus major", "taxon_id": 203153, "latitude": 52.409613992799997, "longitude": 13.011218355700001, "date": "2022-12-03", "year": 2022, "month": 12 }, "geometry": { "type": "Point", "coordinates": [ 13.011218355700001, 52.409613992799997 ] } },
{ "type": "Feature", "properties": { "species": "Parus major", "taxon_id": 203153, "latitude": 52.409620537400002, "longitude": 13.0113149154, "date": "2022-12-03", "year": 2022, "month": 12 }, "geometry": { "type": "Point", "coordinates": [ 13.0113149154, 52.409620537400002 ] } },
{ "type": "Feature", "properties": { "species": "Parus major", "taxon_id": 203153, "latitude": 52.4095924748, "longitude": 13.0112993721, "date": "2022-12-03", "year": 2022, "month": 12 }, "geometry": { "type": "Point", "coordinates": [ 13.0112993721, 52.4095924748 ] } },
{ "type": "Feature", "properties": { "species": "Parus major", "taxon_id": 203153, "latitude": 52.4110236012, "longitude": 13.0104566084, "date": "2022-12-03", "year": 2022, "month": 12 }, "geometry": { "type": "Point", "coordinates": [ 13.0104566084, 52.4110236012 ] } },
{ "type": "Feature", "properties": { "species": "Parus major", "taxon_id": 203153, "latitude": 52.409531732200001, "longitude": 13.0110609841, "date": "2022-12-03", "year": 2022, "month": 12 }, "geometry": { "type": "Point", "coordinates": [ 13.0110609841, 52.409531732200001 ] } },
{ "type": "Feature", "properties": { "species": "Parus major", "taxon_id": 203153, "latitude": 52.409502280700003, "longitude": 13.0111199938, "date": "2022-12-03", "year": 2022, "month": 12 }, "geometry": { "type": "Point", "coordinates": [ 13.0111199938, 52.409502280700003 ] } },
{ "type": "Feature", "properties": { "species": "Parus major", "taxon_id": 203153, "latitude": 52.4094936129, "longitude": 13.011080339, "date": "2022-12-03", "year": 2022, "month": 12 }, "geometry": { "type": "Point", "coordinates": [ 13.011080339, 52.4094936129 ] } },
{ "type": "Feature", "properties": { "species": "Parus major", "taxon_id": 203153, "latitude": 52.516319274899999, "longitude": 13.3551311493, "date": "2022-11-27", "year": 2022, "month": 11 }, "geometry": { "type": "Point", "coordinates": [ 13.3551311493, 52.516319274899999 ] } },
{ "type": "Feature", "properties": { "species": "Parus major", "taxon_id": 203153, "latitude": 52.542621, "longitude": 13.493663, "date": "2022-11-21", "year": 2022, "month": 11 }, "geometry": { "type": "Point", "coordinates": [ 13.493663, 52.542621 ] } },
{ "type": "Feature", "properties": { "species": "Parus major", "taxon_id": 203153, "latitude": 52.516064374300001, "longitude": 13.4666801244, "date": "2022-11-20", "year": 2022, "month": 11 }, "geometry": { "type": "Point", "coordinates": [ 13.4666801244, 52.516064374300001 ] } },
{ "type": "Feature", "properties": { "species": "Parus major", "taxon_id": 203153, "latitude": 52.530822972199999, "longitude": 13.42143, "date": "2022-11-17", "year": 2022, "month": 11 }, "geometry": { "type": "Point", "coordinates": [ 13.42143, 52.530822972199999 ] } },
{ "type": "Feature", "properties": { "species": "Parus major", "taxon_id": 203153, "latitude": 52.972563557100003, "longitude": 13.076746787099999, "date": "2022-11-13", "year": 2022, "month": 11 }, "geometry": { "type": "Point", "coordinates": [ 13.076746787099999, 52.972563557100003 ] } },
{ "type": "Feature", "properties": { "species": "Parus major", "taxon_id": 203153, "latitude": 52.981230078099998, "longitude": 13.077925108400001, "date": "2022-11-13", "year": 2022, "month": 11 }, "geometry": { "type": "Point", "coordinates": [ 13.077925108400001, 52.981230078099998 ] } },
{ "type": "Feature", "properties": { "species": "Parus major", "taxon_id": 203153, "latitude": 52.970443853, "longitude": 13.0953887793, "date": "2022-11-13", "year": 2022, "month": 11 }, "geometry": { "type": "Point", "coordinates": [ 13.0953887793, 52.970443853 ] } },
{ "type": "Feature", "properties": { "species": "Parus major", "taxon_id": 203153, "latitude": 52.969838316000001, "longitude": 13.0819665268, "date": "2022-11-13", "year": 2022, "month": 11 }, "geometry": { "type": "Point", "coordinates": [ 13.0819665268, 52.969838316 ] } },
{ "type": "Feature", "properties": { "species": "Parus major", "taxon_id": 203153, "latitude": 52.445730366799999, "longitude": 13.217320704800001, "date": "2022-11-12", "year": 2022, "month": 11 }, "geometry": { "type": "Point", "coordinates": [ 13.217320704800001, 52.445730366799999 ] } },
{ "type": "Feature", "properties": { "species": "Parus major", "taxon_id": 203153, "latitude": 52.445062814099998, "longitude": 13.215900555799999, "date": "2022-11-12", "year": 2022, "month": 11 }, "geometry": { "type": "Point", "coordinates": [ 13.215900555799999, 52.445062814099998 ] } },
{ "type": "Feature", "properties": { "species": "Parus major", "taxon_id": 203153, "latitude": 52.44192, "longitude": 13.2069983333, "date": "2022-11-12", "year": 2022, "month": 11 }, "geometry": { "type": "Point", "coordinates": [ 13.2069983333, 52.44192 ] } },
{ "type": "Feature", "properties": { "species": "Parus major", "taxon_id": 203153, "latitude": 52.441865, "longitude": 13.2068983333, "date": "2022-11-12", "year": 2022, "month": 11 }, "geometry": { "type": "Point", "coordinates": [ 13.2068983333, 52.441865 ] } },
{ "type": "Feature", "properties": { "species": "Parus major", "taxon_id": 203153, "latitude": 52.440118333299999, "longitude": 13.2079466667, "date": "2022-11-12", "year": 2022, "month": 11 }, "geometry": { "type": "Point", "coordinates": [ 13.2079466667, 52.440118333299999 ] } },
{ "type": "Feature", "properties": { "species": "Parus major", "taxon_id": 203153, "latitude": 52.440118333299999, "longitude": 13.2079466667, "date": "2022-11-12", "year": 2022, "month": 11 }, "geometry": { "type": "Point", "coordinates": [ 13.2079466667, 52.440118333299999 ] } },
{ "type": "Feature", "properties": { "species": "Parus major", "taxon_id": 203153, "latitude": 52.440118333299999, "longitude": 13.2079466667, "date": "2022-11-12", "year": 2022, "month": 11 }, "geometry": { "type": "Point", "coordinates": [ 13.2079466667, 52.440118333299999 ] } },
{ "type": "Feature", "properties": { "species": "Parus major", "taxon_id": 203153, "latitude": 52.440543333299999, "longitude": 13.2095183333, "date": "2022-11-12", "year": 2022, "month": 11 }, "geometry": { "type": "Point", "coordinates": [ 13.2095183333, 52.440543333299999 ] } },
{ "type": "Feature", "properties": { "species": "Parus major", "taxon_id": 203153, "latitude": 52.440543333299999, "longitude": 13.2095183333, "date": "2022-11-12", "year": 2022, "month": 11 }, "geometry": { "type": "Point", "coordinates": [ 13.2095183333, 52.440543333299999 ] } },
{ "type": "Feature", "properties": { "species": "Parus major", "taxon_id": 203153, "latitude": 52.820736828500003, "longitude": 13.820926870099999, "date": "2022-11-11", "year": 2022, "month": 11 }, "geometry": { "type": "Point", "coordinates": [ 13.820926870099999, 52.820736828500003 ] } },
{ "type": "Feature", "properties": { "species": "Parus major", "taxon_id": 203153, "latitude": 52.408377920200003, "longitude": 13.010287012199999, "date": "2022-11-10", "year": 2022, "month": 11 }, "geometry": { "type": "Point", "coordinates": [ 13.010287012199999, 52.408377920200003 ] } },
{ "type": "Feature", "properties": { "species": "Parus major", "taxon_id": 203153, "latitude": 52.530686666699999, "longitude": 13.4229416667, "date": "2022-11-05", "year": 2022, "month": 11 }, "geometry": { "type": "Point", "coordinates": [ 13.4229416667, 52.530686666699999 ] } },
{ "type": "Feature", "properties": { "species": "Parus major", "taxon_id": 203153, "latitude": 52.681134094500003, "longitude": 13.589389114099999, "date": "2022-11-05", "year": 2022, "month": 11 }, "geometry": { "type": "Point", "coordinates": [ 13.589389114099999, 52.681134094500003 ] } },
{ "type": "Feature", "properties": { "species": "Parus major", "taxon_id": 203153, "latitude": 52.416259419, "longitude": 13.0031972801, "date": "2022-10-29", "year": 2022, "month": 10 }, "geometry": { "type": "Point", "coordinates": [ 13.0031972801, 52.416259419 ] } },
{ "type": "Feature", "properties": { "species": "Parus major", "taxon_id": 203153, "latitude": 52.511550009899999, "longitude": 13.6168231443, "date": "2022-10-23", "year": 2022, "month": 10 }, "geometry": { "type": "Point", "coordinates": [ 13.6168231443, 52.511550009899999 ] } },
{ "type": "Feature", "properties": { "species": "Parus major", "taxon_id": 203153, "latitude": 52.366580555600002, "longitude": 13.094416666700001, "date": "2022-10-18", "year": 2022, "month": 10 }, "geometry": { "type": "Point", "coordinates": [ 13.094416666700001, 52.366580555600002 ] } },
{ "type": "Feature", "properties": { "species": "Parus major", "taxon_id": 203153, "latitude": 52.5200066, "longitude": 13.404954, "date": "2022-10-17", "year": 2022, "month": 10 }, "geometry": { "type": "Point", "coordinates": [ 13.404954, 52.5200066 ] } },
{ "type": "Feature", "properties": { "species": "Parus major", "taxon_id": 203153, "latitude": 52.631311866600001, "longitude": 13.4752522681, "date": "2022-10-15", "year": 2022, "month": 10 }, "geometry": { "type": "Point", "coordinates": [ 13.4752522681, 52.631311866600001 ] } },
{ "type": "Feature", "properties": { "species": "Parus major", "taxon_id": 203153, "latitude": 52.643596928599997, "longitude": 13.476304500299999, "date": "2022-10-15", "year": 2022, "month": 10 }, "geometry": { "type": "Point", "coordinates": [ 13.476304500299999, 52.643596928599997 ] } },
{ "type": "Feature", "properties": { "species": "Parus major", "taxon_id": 203153, "latitude": 52.446759911900003, "longitude": 13.1792840333, "date": "2022-10-09", "year": 2022, "month": 10 }, "geometry": { "type": "Point", "coordinates": [ 13.1792840333, 52.446759911900003 ] } },
{ "type": "Feature", "properties": { "species": "Parus major", "taxon_id": 203153, "latitude": 52.444974422100003, "longitude": 13.1767757824, "date": "2022-10-09", "year": 2022, "month": 10 }, "geometry": { "type": "Point", "coordinates": [ 13.1767757824, 52.444974422100003 ] } },
{ "type": "Feature", "properties": { "species": "Parus major", "taxon_id": 203153, "latitude": 52.410975, "longitude": 13.010375, "date": "2022-10-02", "year": 2022, "month": 10 }, "geometry": { "type": "Point", "coordinates": [ 13.010375, 52.410975 ] } },
{ "type": "Feature", "properties": { "species": "Parus major", "taxon_id": 203153, "latitude": 52.5173233262, "longitude": 13.3321701111, "date": "2022-09-25", "year": 2022, "month": 9 }, "geometry": { "type": "Point", "coordinates": [ 13.3321701111, 52.5173233262 ] } },
{ "type": "Feature", "properties": { "species": "Parus major", "taxon_id": 203153, "latitude": 52.517318596199999, "longitude": 13.332216708200001, "date": "2022-09-25", "year": 2022, "month": 9 }, "geometry": { "type": "Point", "coordinates": [ 13.332216708200001, 52.517318596199999 ] } },
{ "type": "Feature", "properties": { "species": "Parus major", "taxon_id": 203153, "latitude": 52.6669713617, "longitude": 13.5676908492, "date": "2022-09-24", "year": 2022, "month": 9 }, "geometry": { "type": "Point", "coordinates": [ 13.5676908492, 52.6669713617 ] } },
{ "type": "Feature", "properties": { "species": "Parus major", "taxon_id": 203153, "latitude": 52.6640171584, "longitude": 13.5368326653, "date": "2022-09-23", "year": 2022, "month": 9 }, "geometry": { "type": "Point", "coordinates": [ 13.5368326653, 52.6640171584 ] } },
{ "type": "Feature", "properties": { "species": "Parus major", "taxon_id": 203153, "latitude": 52.637122704299998, "longitude": 13.465098079600001, "date": "2022-09-21", "year": 2022, "month": 9 }, "geometry": { "type": "Point", "coordinates": [ 13.465098079600001, 52.637122704299998 ] } },
{ "type": "Feature", "properties": { "species": "Parus major", "taxon_id": 203153, "latitude": 52.632953799, "longitude": 13.471023963, "date": "2022-09-21", "year": 2022, "month": 9 }, "geometry": { "type": "Point", "coordinates": [ 13.471023963, 52.632953799 ] } },
{ "type": "Feature", "properties": { "species": "Parus major", "taxon_id": 203153, "latitude": 52.514441666700002, "longitude": 13.372286111099999, "date": "2022-09-20", "year": 2022, "month": 9 }, "geometry": { "type": "Point", "coordinates": [ 13.372286111099999, 52.514441666700002 ] } },
{ "type": "Feature", "properties": { "species": "Parus major", "taxon_id": 203153, "latitude": 52.512030037400002, "longitude": 13.3432482474, "date": "2022-09-20", "year": 2022, "month": 9 }, "geometry": { "type": "Point", "coordinates": [ 13.3432482474, 52.512030037400002 ] } },
{ "type": "Feature", "properties": { "species": "Parus major", "taxon_id": 203153, "latitude": 52.517076959599997, "longitude": 13.3738354121, "date": "2022-09-20", "year": 2022, "month": 9 }, "geometry": { "type": "Point", "coordinates": [ 13.3738354121, 52.517076959599997 ] } },
{ "type": "Feature", "properties": { "species": "Parus major", "taxon_id": 203153, "latitude": 52.518150533399997, "longitude": 13.330655915099999, "date": "2022-09-14", "year": 2022, "month": 9 }, "geometry": { "type": "Point", "coordinates": [ 13.330655915099999, 52.518150533399997 ] } },
{ "type": "Feature", "properties": { "species": "Parus major", "taxon_id": 203153, "latitude": 52.5174705807, "longitude": 13.4774614484, "date": "2022-09-11", "year": 2022, "month": 9 }, "geometry": { "type": "Point", "coordinates": [ 13.4774614484, 52.5174705807 ] } },
{ "type": "Feature", "properties": { "species": "Parus major", "taxon_id": 203153, "latitude": 52.517562338499999, "longitude": 13.477373976100001, "date": "2022-09-11", "year": 2022, "month": 9 }, "geometry": { "type": "Point", "coordinates": [ 13.477373976100001, 52.517562338499999 ] } },
{ "type": "Feature", "properties": { "species": "Parus major", "taxon_id": 203153, "latitude": 52.564878820499999, "longitude": 13.255069926399999, "date": "2022-09-04", "year": 2022, "month": 9 }, "geometry": { "type": "Point", "coordinates": [ 13.255069926399999, 52.564878820499999 ] } },
{ "type": "Feature", "properties": { "species": "Parus major", "taxon_id": 203153, "latitude": 52.4103065563, "longitude": 13.7502622604, "date": "2022-08-31", "year": 2022, "month": 8 }, "geometry": { "type": "Point", "coordinates": [ 13.7502622604, 52.4103065563 ] } },
{ "type": "Feature", "properties": { "species": "Parus major", "taxon_id": 203153, "latitude": 52.4079643679, "longitude": 13.011166447000001, "date": "2022-08-29", "year": 2022, "month": 8 }, "geometry": { "type": "Point", "coordinates": [ 13.011166447, 52.4079643679 ] } },
{ "type": "Feature", "properties": { "species": "Parus major", "taxon_id": 203153, "latitude": 52.408176889000003, "longitude": 13.011292666399999, "date": "2022-08-29", "year": 2022, "month": 8 }, "geometry": { "type": "Point", "coordinates": [ 13.011292666399999, 52.408176889 ] } },
{ "type": "Feature", "properties": { "species": "Parus major", "taxon_id": 203153, "latitude": 52.408203066399999, "longitude": 13.011292668199999, "date": "2022-08-29", "year": 2022, "month": 8 }, "geometry": { "type": "Point", "coordinates": [ 13.011292668199999, 52.408203066399999 ] } },
{ "type": "Feature", "properties": { "species": "Parus major", "taxon_id": 203153, "latitude": 52.472161666700003, "longitude": 13.266611666699999, "date": "2022-08-21", "year": 2022, "month": 8 }, "geometry": { "type": "Point", "coordinates": [ 13.266611666699999, 52.472161666700003 ] } },
{ "type": "Feature", "properties": { "species": "Parus major", "taxon_id": 203153, "latitude": 52.659528672900002, "longitude": 13.7790129706, "date": "2022-08-07", "year": 2022, "month": 8 }, "geometry": { "type": "Point", "coordinates": [ 13.7790129706, 52.659528672900002 ] } },
{ "type": "Feature", "properties": { "species": "Parus major", "taxon_id": 203153, "latitude": 52.487663269000002, "longitude": 13.39747715, "date": "2022-08-07", "year": 2022, "month": 8 }, "geometry": { "type": "Point", "coordinates": [ 13.39747715, 52.487663269 ] } },
{ "type": "Feature", "properties": { "species": "Parus major", "taxon_id": 203153, "latitude": 52.5255616667, "longitude": 13.43323, "date": "2022-07-23", "year": 2022, "month": 7 }, "geometry": { "type": "Point", "coordinates": [ 13.43323, 52.5255616667 ] } },
{ "type": "Feature", "properties": { "species": "Parus major", "taxon_id": 203153, "latitude": 52.510155, "longitude": 13.371783, "date": "2022-07-20", "year": 2022, "month": 7 }, "geometry": { "type": "Point", "coordinates": [ 13.371783, 52.510155 ] } },
{ "type": "Feature", "properties": { "species": "Parus major", "taxon_id": 203153, "latitude": 52.510155, "longitude": 13.371783, "date": "2022-07-20", "year": 2022, "month": 7 }, "geometry": { "type": "Point", "coordinates": [ 13.371783, 52.510155 ] } },
{ "type": "Feature", "properties": { "species": "Parus major", "taxon_id": 203153, "latitude": 52.510155, "longitude": 13.371783, "date": "2022-07-20", "year": 2022, "month": 7 }, "geometry": { "type": "Point", "coordinates": [ 13.371783, 52.510155 ] } },
{ "type": "Feature", "properties": { "species": "Parus major", "taxon_id": 203153, "latitude": 52.510155, "longitude": 13.371783, "date": "2022-07-20", "year": 2022, "month": 7 }, "geometry": { "type": "Point", "coordinates": [ 13.371783, 52.510155 ] } },
{ "type": "Feature", "properties": { "species": "Parus major", "taxon_id": 203153, "latitude": 52.510155, "longitude": 13.371783, "date": "2022-07-20", "year": 2022, "month": 7 }, "geometry": { "type": "Point", "coordinates": [ 13.371783, 52.510155 ] } },
{ "type": "Feature", "properties": { "species": "Parus major", "taxon_id": 203153, "latitude": 52.510155, "longitude": 13.371783, "date": "2022-07-20", "year": 2022, "month": 7 }, "geometry": { "type": "Point", "coordinates": [ 13.371783, 52.510155 ] } },
{ "type": "Feature", "properties": { "species": "Parus major", "taxon_id": 203153, "latitude": 52.340171666700002, "longitude": 12.9990516667, "date": "2022-07-17", "year": 2022, "month": 7 }, "geometry": { "type": "Point", "coordinates": [ 12.9990516667, 52.340171666700002 ] } },
{ "type": "Feature", "properties": { "species": "Parus major", "taxon_id": 203153, "latitude": 52.416508, "longitude": 13.065539, "date": "2022-07-16", "year": 2022, "month": 7 }, "geometry": { "type": "Point", "coordinates": [ 13.065539, 52.416508 ] } },
{ "type": "Feature", "properties": { "species": "Parus major", "taxon_id": 203153, "latitude": 52.51725, "longitude": 13.347696, "date": "2022-07-15", "year": 2022, "month": 7 }, "geometry": { "type": "Point", "coordinates": [ 13.347696, 52.51725 ] } },
{ "type": "Feature", "properties": { "species": "Parus major", "taxon_id": 203153, "latitude": 52.773041, "longitude": 13.46605, "date": "2022-07-13", "year": 2022, "month": 7 }, "geometry": { "type": "Point", "coordinates": [ 13.46605, 52.773041 ] } },
{ "type": "Feature", "properties": { "species": "Parus major", "taxon_id": 203153, "latitude": 52.773041, "longitude": 13.46605, "date": "2022-07-13", "year": 2022, "month": 7 }, "geometry": { "type": "Point", "coordinates": [ 13.46605, 52.773041 ] } },
{ "type": "Feature", "properties": { "species": "Parus major", "taxon_id": 203153, "latitude": 52.511856, "longitude": 13.357037, "date": "2022-07-12", "year": 2022, "month": 7 }, "geometry": { "type": "Point", "coordinates": [ 13.357037, 52.511856 ] } },
{ "type": "Feature", "properties": { "species": "Parus major", "taxon_id": 203153, "latitude": 52.511372, "longitude": 13.363232, "date": "2022-07-12", "year": 2022, "month": 7 }, "geometry": { "type": "Point", "coordinates": [ 13.363232, 52.511372 ] } },
{ "type": "Feature", "properties": { "species": "Parus major", "taxon_id": 203153, "latitude": 52.511021, "longitude": 13.363328, "date": "2022-07-12", "year": 2022, "month": 7 }, "geometry": { "type": "Point", "coordinates": [ 13.363328, 52.511021 ] } },
{ "type": "Feature", "properties": { "species": "Parus major", "taxon_id": 203153, "latitude": 52.512142, "longitude": 13.358892, "date": "2022-07-12", "year": 2022, "month": 7 }, "geometry": { "type": "Point", "coordinates": [ 13.358892, 52.512142 ] } },
{ "type": "Feature", "properties": { "species": "Parus major", "taxon_id": 203153, "latitude": 52.516815, "longitude": 13.348955, "date": "2022-07-10", "year": 2022, "month": 7 }, "geometry": { "type": "Point", "coordinates": [ 13.348955, 52.516815 ] } },
{ "type": "Feature", "properties": { "species": "Parus major", "taxon_id": 203153, "latitude": 52.516567000199998, "longitude": 13.347378, "date": "2022-07-10", "year": 2022, "month": 7 }, "geometry": { "type": "Point", "coordinates": [ 13.347378, 52.516567000199998 ] } },
{ "type": "Feature", "properties": { "species": "Parus major", "taxon_id": 203153, "latitude": 52.529545, "longitude": 13.4234466667, "date": "2022-06-29", "year": 2022, "month": 6 }, "geometry": { "type": "Point", "coordinates": [ 13.4234466667, 52.529545 ] } },
{ "type": "Feature", "properties": { "species": "Parus major", "taxon_id": 203153, "latitude": 52.561852462499999, "longitude": 13.5228807852, "date": "2022-06-08", "year": 2022, "month": 6 }, "geometry": { "type": "Point", "coordinates": [ 13.5228807852, 52.561852462499999 ] } },
{ "type": "Feature", "properties": { "species": "Parus major", "taxon_id": 203153, "latitude": 52.236267, "longitude": 13.876454, "date": "2022-06-08", "year": 2022, "month": 6 }, "geometry": { "type": "Point", "coordinates": [ 13.876454, 52.236267 ] } },
{ "type": "Feature", "properties": { "species": "Parus major", "taxon_id": 203153, "latitude": 52.404662457800001, "longitude": 13.1431119739, "date": "2022-06-07", "year": 2022, "month": 6 }, "geometry": { "type": "Point", "coordinates": [ 13.1431119739, 52.404662457800001 ] } },
{ "type": "Feature", "properties": { "species": "Parus major", "taxon_id": 203153, "latitude": 52.580606458299997, "longitude": 13.1818113629, "date": "2022-06-07", "year": 2022, "month": 6 }, "geometry": { "type": "Point", "coordinates": [ 13.1818113629, 52.580606458299997 ] } },
{ "type": "Feature", "properties": { "species": "Parus major", "taxon_id": 203153, "latitude": 52.397222, "longitude": 13.481111, "date": "2022-06-05", "year": 2022, "month": 6 }, "geometry": { "type": "Point", "coordinates": [ 13.481111, 52.397222 ] } },
{ "type": "Feature", "properties": { "species": "Parus major", "taxon_id": 203153, "latitude": 52.090839496900003, "longitude": 13.7383912192, "date": "2022-06-03", "year": 2022, "month": 6 }, "geometry": { "type": "Point", "coordinates": [ 13.7383912192, 52.090839496900003 ] } },
{ "type": "Feature", "properties": { "species": "Parus major", "taxon_id": 203153, "latitude": 52.529536666699997, "longitude": 13.42385, "date": "2022-05-31", "year": 2022, "month": 5 }, "geometry": { "type": "Point", "coordinates": [ 13.42385, 52.529536666699997 ] } },
{ "type": "Feature", "properties": { "species": "Parus major", "taxon_id": 203153, "latitude": 52.496918399899997, "longitude": 13.141066351599999, "date": "2022-05-31", "year": 2022, "month": 5 }, "geometry": { "type": "Point", "coordinates": [ 13.141066351599999, 52.496918399899997 ] } },
{ "type": "Feature", "properties": { "species": "Parus major", "taxon_id": 203153, "latitude": 52.522087506699997, "longitude": 13.4443176264, "date": "2022-05-30", "year": 2022, "month": 5 }, "geometry": { "type": "Point", "coordinates": [ 13.4443176264, 52.522087506699997 ] } },
{ "type": "Feature", "properties": { "species": "Parus major", "taxon_id": 203153, "latitude": 52.485676259900004, "longitude": 13.473806418500001, "date": "2022-05-29", "year": 2022, "month": 5 }, "geometry": { "type": "Point", "coordinates": [ 13.473806418500001, 52.485676259900004 ] } },
{ "type": "Feature", "properties": { "species": "Parus major", "taxon_id": 203153, "latitude": 52.173782955299998, "longitude": 14.2544081992, "date": "2022-05-28", "year": 2022, "month": 5 }, "geometry": { "type": "Point", "coordinates": [ 14.2544081992, 52.173782955299998 ] } },
{ "type": "Feature", "properties": { "species": "Parus major", "taxon_id": 203153, "latitude": 52.547133333300003, "longitude": 13.38537, "date": "2022-05-23", "year": 2022, "month": 5 }, "geometry": { "type": "Point", "coordinates": [ 13.38537, 52.547133333300003 ] } },
{ "type": "Feature", "properties": { "species": "Parus major", "taxon_id": 203153, "latitude": 52.6165379, "longitude": 13.4552591, "date": "2022-05-23", "year": 2022, "month": 5 }, "geometry": { "type": "Point", "coordinates": [ 13.4552591, 52.6165379 ] } },
{ "type": "Feature", "properties": { "species": "Parus major", "taxon_id": 203153, "latitude": 52.5406833, "longitude": 13.4188493, "date": "2022-05-23", "year": 2022, "month": 5 }, "geometry": { "type": "Point", "coordinates": [ 13.4188493, 52.5406833 ] } },
{ "type": "Feature", "properties": { "species": "Parus major", "taxon_id": 203153, "latitude": 52.51167845, "longitude": 13.36845966, "date": "2022-05-19", "year": 2022, "month": 5 }, "geometry": { "type": "Point", "coordinates": [ 13.36845966, 52.51167845 ] } },
{ "type": "Feature", "properties": { "species": "Parus major", "taxon_id": 203153, "latitude": 52.5405462, "longitude": 13.418988, "date": "2022-05-18", "year": 2022, "month": 5 }, "geometry": { "type": "Point", "coordinates": [ 13.418988, 52.5405462 ] } },
{ "type": "Feature", "properties": { "species": "Parus major", "taxon_id": 203153, "latitude": 52.526860128199999, "longitude": 13.4327135132, "date": "2022-05-15", "year": 2022, "month": 5 }, "geometry": { "type": "Point", "coordinates": [ 13.4327135132, 52.526860128199999 ] } },
{ "type": "Feature", "properties": { "species": "Parus major", "taxon_id": 203153, "latitude": 52.414856592, "longitude": 13.6773594768, "date": "2022-05-08", "year": 2022, "month": 5 }, "geometry": { "type": "Point", "coordinates": [ 13.6773594768, 52.414856592 ] } },
{ "type": "Feature", "properties": { "species": "Parus major", "taxon_id": 203153, "latitude": 52.414932218799997, "longitude": 13.693200857700001, "date": "2022-05-08", "year": 2022, "month": 5 }, "geometry": { "type": "Point", "coordinates": [ 13.693200857700001, 52.414932218799997 ] } },
{ "type": "Feature", "properties": { "species": "Parus major", "taxon_id": 203153, "latitude": 52.420744255099997, "longitude": 13.705063213800001, "date": "2022-05-08", "year": 2022, "month": 5 }, "geometry": { "type": "Point", "coordinates": [ 13.705063213800001, 52.420744255099997 ] } },
{ "type": "Feature", "properties": { "species": "Parus major", "taxon_id": 203153, "latitude": 52.445119177400002, "longitude": 13.446913797000001, "date": "2022-05-07", "year": 2022, "month": 5 }, "geometry": { "type": "Point", "coordinates": [ 13.446913797, 52.445119177400002 ] } },
{ "type": "Feature", "properties": { "species": "Parus major", "taxon_id": 203153, "latitude": 52.828106075299999, "longitude": 13.7628657371, "date": "2022-05-05", "year": 2022, "month": 5 }, "geometry": { "type": "Point", "coordinates": [ 13.7628657371, 52.828106075299999 ] } },
{ "type": "Feature", "properties": { "species": "Parus major", "taxon_id": 203153, "latitude": 52.4840947478, "longitude": 13.2504159161, "date": "2022-05-02", "year": 2022, "month": 5 }, "geometry": { "type": "Point", "coordinates": [ 13.2504159161, 52.4840947478 ] } },
{ "type": "Feature", "properties": { "species": "Parus major", "taxon_id": 203153, "latitude": 52.536423641200003, "longitude": 13.443939669800001, "date": "2022-05-01", "year": 2022, "month": 5 }, "geometry": { "type": "Point", "coordinates": [ 13.443939669800001, 52.536423641200003 ] } },
{ "type": "Feature", "properties": { "species": "Parus major", "taxon_id": 203153, "latitude": 52.374106623300001, "longitude": 13.798634335399999, "date": "2022-05-01", "year": 2022, "month": 5 }, "geometry": { "type": "Point", "coordinates": [ 13.798634335399999, 52.374106623300001 ] } },
{ "type": "Feature", "properties": { "species": "Parus major", "taxon_id": 203153, "latitude": 52.370039712100002, "longitude": 13.813018016499999, "date": "2022-05-01", "year": 2022, "month": 5 }, "geometry": { "type": "Point", "coordinates": [ 13.813018016499999, 52.370039712100002 ] } },
{ "type": "Feature", "properties": { "species": "Parus major", "taxon_id": 203153, "latitude": 52.4880336453, "longitude": 13.3265858402, "date": "2022-04-30", "year": 2022, "month": 4 }, "geometry": { "type": "Point", "coordinates": [ 13.3265858402, 52.4880336453 ] } },
{ "type": "Feature", "properties": { "species": "Parus major", "taxon_id": 203153, "latitude": 52.441098333299998, "longitude": 13.2349583333, "date": "2022-04-29", "year": 2022, "month": 4 }, "geometry": { "type": "Point", "coordinates": [ 13.2349583333, 52.441098333299998 ] } },
{ "type": "Feature", "properties": { "species": "Parus major", "taxon_id": 203153, "latitude": 52.51447, "longitude": 13.408453333300001, "date": "2022-04-26", "year": 2022, "month": 4 }, "geometry": { "type": "Point", "coordinates": [ 13.408453333300001, 52.51447 ] } },
{ "type": "Feature", "properties": { "species": "Parus major", "taxon_id": 203153, "latitude": 52.53017, "longitude": 13.4233383333, "date": "2022-04-23", "year": 2022, "month": 4 }, "geometry": { "type": "Point", "coordinates": [ 13.4233383333, 52.53017 ] } },
{ "type": "Feature", "properties": { "species": "Parus major", "taxon_id": 203153, "latitude": 52.333161284600003, "longitude": 13.408243171900001, "date": "2022-04-21", "year": 2022, "month": 4 }, "geometry": { "type": "Point", "coordinates": [ 13.408243171900001, 52.333161284600003 ] } },
{ "type": "Feature", "properties": { "species": "Parus major", "taxon_id": 203153, "latitude": 52.318256, "longitude": 13.768316, "date": "2022-04-21", "year": 2022, "month": 4 }, "geometry": { "type": "Point", "coordinates": [ 13.768316, 52.318256 ] } },
{ "type": "Feature", "properties": { "species": "Parus major", "taxon_id": 203153, "latitude": 52.203496406399999, "longitude": 13.089371456, "date": "2022-04-18", "year": 2022, "month": 4 }, "geometry": { "type": "Point", "coordinates": [ 13.089371456, 52.203496406399999 ] } },
{ "type": "Feature", "properties": { "species": "Parus major", "taxon_id": 203153, "latitude": 52.399212814099997, "longitude": 13.0185224408, "date": "2022-04-17", "year": 2022, "month": 4 }, "geometry": { "type": "Point", "coordinates": [ 13.0185224408, 52.399212814099997 ] } },
{ "type": "Feature", "properties": { "species": "Parus major", "taxon_id": 203153, "latitude": 52.525995, "longitude": 13.4314866667, "date": "2022-04-17", "year": 2022, "month": 4 }, "geometry": { "type": "Point", "coordinates": [ 13.4314866667, 52.525995 ] } },
{ "type": "Feature", "properties": { "species": "Parus major", "taxon_id": 203153, "latitude": 52.7727211156, "longitude": 12.8822484247, "date": "2022-04-17", "year": 2022, "month": 4 }, "geometry": { "type": "Point", "coordinates": [ 12.8822484247, 52.7727211156 ] } },
{ "type": "Feature", "properties": { "species": "Parus major", "taxon_id": 203153, "latitude": 52.5924888917, "longitude": 13.0978872129, "date": "2022-04-14", "year": 2022, "month": 4 }, "geometry": { "type": "Point", "coordinates": [ 13.0978872129, 52.5924888917 ] } },
{ "type": "Feature", "properties": { "species": "Parus major", "taxon_id": 203153, "latitude": 52.218194, "longitude": 13.885086, "date": "2022-04-13", "year": 2022, "month": 4 }, "geometry": { "type": "Point", "coordinates": [ 13.885086, 52.218194 ] } },
{ "type": "Feature", "properties": { "species": "Parus major", "taxon_id": 203153, "latitude": 52.898154610200002, "longitude": 13.1672671437, "date": "2022-04-12", "year": 2022, "month": 4 }, "geometry": { "type": "Point", "coordinates": [ 13.1672671437, 52.898154610200002 ] } },
{ "type": "Feature", "properties": { "species": "Parus major", "taxon_id": 203153, "latitude": 52.526133333300002, "longitude": 13.441345, "date": "2022-04-11", "year": 2022, "month": 4 }, "geometry": { "type": "Point", "coordinates": [ 13.441345, 52.526133333300002 ] } },
{ "type": "Feature", "properties": { "species": "Parus major", "taxon_id": 203153, "latitude": 52.413827920300001, "longitude": 13.004926555799999, "date": "2022-04-09", "year": 2022, "month": 4 }, "geometry": { "type": "Point", "coordinates": [ 13.004926555799999, 52.413827920300001 ] } },
{ "type": "Feature", "properties": { "species": "Parus major", "taxon_id": 203153, "latitude": 52.316441666700001, "longitude": 13.0623833333, "date": "2022-04-05", "year": 2022, "month": 4 }, "geometry": { "type": "Point", "coordinates": [ 13.0623833333, 52.316441666700001 ] } },
{ "type": "Feature", "properties": { "species": "Parus major", "taxon_id": 203153, "latitude": 52.430830305199997, "longitude": 13.1789835912, "date": "2022-03-31", "year": 2022, "month": 3 }, "geometry": { "type": "Point", "coordinates": [ 13.1789835912, 52.430830305199997 ] } },
{ "type": "Feature", "properties": { "species": "Parus major", "taxon_id": 203153, "latitude": 52.535922620400001, "longitude": 13.080494942, "date": "2022-03-29", "year": 2022, "month": 3 }, "geometry": { "type": "Point", "coordinates": [ 13.080494942, 52.535922620400001 ] } },
{ "type": "Feature", "properties": { "species": "Parus major", "taxon_id": 203153, "latitude": 52.633631812399997, "longitude": 13.4698535944, "date": "2022-03-27", "year": 2022, "month": 3 }, "geometry": { "type": "Point", "coordinates": [ 13.4698535944, 52.633631812399997 ] } },
{ "type": "Feature", "properties": { "species": "Parus major", "taxon_id": 203153, "latitude": 52.511557142999997, "longitude": 13.361439734199999, "date": "2022-03-26", "year": 2022, "month": 3 }, "geometry": { "type": "Point", "coordinates": [ 13.361439734199999, 52.511557143 ] } },
{ "type": "Feature", "properties": { "species": "Parus major", "taxon_id": 203153, "latitude": 52.5419025729, "longitude": 13.743367753899999, "date": "2022-03-22", "year": 2022, "month": 3 }, "geometry": { "type": "Point", "coordinates": [ 13.743367753899999, 52.5419025729 ] } },
{ "type": "Feature", "properties": { "species": "Parus major", "taxon_id": 203153, "latitude": 52.5249010629, "longitude": 12.9982591234, "date": "2022-03-22", "year": 2022, "month": 3 }, "geometry": { "type": "Point", "coordinates": [ 12.9982591234, 52.5249010629 ] } },
{ "type": "Feature", "properties": { "species": "Parus major", "taxon_id": 203153, "latitude": 52.472817211100001, "longitude": 13.263584483700001, "date": "2022-03-19", "year": 2022, "month": 3 }, "geometry": { "type": "Point", "coordinates": [ 13.263584483700001, 52.472817211100001 ] } },
{ "type": "Feature", "properties": { "species": "Parus major", "taxon_id": 203153, "latitude": 52.478104397099997, "longitude": 13.227300811, "date": "2022-03-19", "year": 2022, "month": 3 }, "geometry": { "type": "Point", "coordinates": [ 13.227300811, 52.478104397099997 ] } },
{ "type": "Feature", "properties": { "species": "Parus major", "taxon_id": 203153, "latitude": 52.510483972199999, "longitude": 13.3611229722, "date": "2022-03-18", "year": 2022, "month": 3 }, "geometry": { "type": "Point", "coordinates": [ 13.3611229722, 52.510483972199999 ] } },
{ "type": "Feature", "properties": { "species": "Parus major", "taxon_id": 203153, "latitude": 52.473851219399997, "longitude": 13.372473382600001, "date": "2022-03-18", "year": 2022, "month": 3 }, "geometry": { "type": "Point", "coordinates": [ 13.372473382600001, 52.473851219399997 ] } },
{ "type": "Feature", "properties": { "species": "Parus major", "taxon_id": 203153, "latitude": 52.520108333300001, "longitude": 13.4402866667, "date": "2022-03-08", "year": 2022, "month": 3 }, "geometry": { "type": "Point", "coordinates": [ 13.4402866667, 52.520108333300001 ] } },
{ "type": "Feature", "properties": { "species": "Parus major", "taxon_id": 203153, "latitude": 52.512297232999998, "longitude": 13.465201221399999, "date": "2022-03-04", "year": 2022, "month": 3 }, "geometry": { "type": "Point", "coordinates": [ 13.465201221399999, 52.512297233 ] } },
{ "type": "Feature", "properties": { "species": "Parus major", "taxon_id": 203153, "latitude": 52.4756221958, "longitude": 13.4676929714, "date": "2022-03-01", "year": 2022, "month": 3 }, "geometry": { "type": "Point", "coordinates": [ 13.4676929714, 52.4756221958 ] } },
{ "type": "Feature", "properties": { "species": "Parus major", "taxon_id": 203153, "latitude": 52.464150236899997, "longitude": 13.574368825500001, "date": "2022-02-27", "year": 2022, "month": 2 }, "geometry": { "type": "Point", "coordinates": [ 13.574368825500001, 52.464150236899997 ] } },
{ "type": "Feature", "properties": { "species": "Parus major", "taxon_id": 203153, "latitude": 52.70770696, "longitude": 13.33279919, "date": "2022-02-26", "year": 2022, "month": 2 }, "geometry": { "type": "Point", "coordinates": [ 13.33279919, 52.70770696 ] } },
{ "type": "Feature", "properties": { "species": "Parus major", "taxon_id": 203153, "latitude": 52.51150556, "longitude": 13.361345371400001, "date": "2022-02-26", "year": 2022, "month": 2 }, "geometry": { "type": "Point", "coordinates": [ 13.361345371400001, 52.51150556 ] } },
{ "type": "Feature", "properties": { "species": "Parus major", "taxon_id": 203153, "latitude": 52.420508227900001, "longitude": 13.1451352212, "date": "2022-02-20", "year": 2022, "month": 2 }, "geometry": { "type": "Point", "coordinates": [ 13.1451352212, 52.420508227900001 ] } },
{ "type": "Feature", "properties": { "species": "Parus major", "taxon_id": 203153, "latitude": 52.427831220199998, "longitude": 13.124825146299999, "date": "2022-02-20", "year": 2022, "month": 2 }, "geometry": { "type": "Point", "coordinates": [ 13.124825146299999, 52.427831220199998 ] } },
{ "type": "Feature", "properties": { "species": "Parus major", "taxon_id": 203153, "latitude": 52.5189644497, "longitude": 13.4515126751, "date": "2022-02-20", "year": 2022, "month": 2 }, "geometry": { "type": "Point", "coordinates": [ 13.4515126751, 52.5189644497 ] } },
{ "type": "Feature", "properties": { "species": "Parus major", "taxon_id": 203153, "latitude": 52.65015118, "longitude": 13.37817179, "date": "2022-02-18", "year": 2022, "month": 2 }, "geometry": { "type": "Point", "coordinates": [ 13.37817179, 52.65015118 ] } },
{ "type": "Feature", "properties": { "species": "Parus major", "taxon_id": 203153, "latitude": 52.751161, "longitude": 13.391463, "date": "2022-02-16", "year": 2022, "month": 2 }, "geometry": { "type": "Point", "coordinates": [ 13.391463, 52.751161 ] } },
{ "type": "Feature", "properties": { "species": "Parus major", "taxon_id": 203153, "latitude": 52.751161111099997, "longitude": 13.391463888900001, "date": "2022-02-07", "year": 2022, "month": 2 }, "geometry": { "type": "Point", "coordinates": [ 13.391463888900001, 52.751161111099997 ] } },
{ "type": "Feature", "properties": { "species": "Parus major", "taxon_id": 203153, "latitude": 52.751161111099997, "longitude": 13.391463888900001, "date": "2022-02-07", "year": 2022, "month": 2 }, "geometry": { "type": "Point", "coordinates": [ 13.391463888900001, 52.751161111099997 ] } },
{ "type": "Feature", "properties": { "species": "Parus major", "taxon_id": 203153, "latitude": 52.473847733699998, "longitude": 13.4348292276, "date": "2022-02-07", "year": 2022, "month": 2 }, "geometry": { "type": "Point", "coordinates": [ 13.4348292276, 52.473847733699998 ] } },
{ "type": "Feature", "properties": { "species": "Parus major", "taxon_id": 203153, "latitude": 52.5651396811, "longitude": 13.4174911771, "date": "2022-01-30", "year": 2022, "month": 1 }, "geometry": { "type": "Point", "coordinates": [ 13.4174911771, 52.5651396811 ] } },
{ "type": "Feature", "properties": { "species": "Parus major", "taxon_id": 203153, "latitude": 52.511083389, "longitude": 13.363437320899999, "date": "2022-01-28", "year": 2022, "month": 1 }, "geometry": { "type": "Point", "coordinates": [ 13.363437320899999, 52.511083389 ] } },
{ "type": "Feature", "properties": { "species": "Parus major", "taxon_id": 203153, "latitude": 52.511085108000003, "longitude": 13.363328166600001, "date": "2022-01-28", "year": 2022, "month": 1 }, "geometry": { "type": "Point", "coordinates": [ 13.363328166600001, 52.511085108 ] } },
{ "type": "Feature", "properties": { "species": "Parus major", "taxon_id": 203153, "latitude": 52.511201440800001, "longitude": 13.355378779, "date": "2022-01-28", "year": 2022, "month": 1 }, "geometry": { "type": "Point", "coordinates": [ 13.355378779, 52.511201440800001 ] } },
{ "type": "Feature", "properties": { "species": "Parus major", "taxon_id": 203153, "latitude": 52.510622408400003, "longitude": 13.3548899461, "date": "2022-01-28", "year": 2022, "month": 1 }, "geometry": { "type": "Point", "coordinates": [ 13.3548899461, 52.510622408400003 ] } },
{ "type": "Feature", "properties": { "species": "Parus major", "taxon_id": 203153, "latitude": 52.522588704100002, "longitude": 13.443174704, "date": "2022-01-25", "year": 2022, "month": 1 }, "geometry": { "type": "Point", "coordinates": [ 13.443174704, 52.522588704100002 ] } },
{ "type": "Feature", "properties": { "species": "Parus major", "taxon_id": 203153, "latitude": 52.505147824399998, "longitude": 13.5483665811, "date": "2022-01-25", "year": 2022, "month": 1 }, "geometry": { "type": "Point", "coordinates": [ 13.5483665811, 52.505147824399998 ] } },
{ "type": "Feature", "properties": { "species": "Parus major", "taxon_id": 203153, "latitude": 52.483957970500001, "longitude": 13.314327408900001, "date": "2022-01-08", "year": 2022, "month": 1 }, "geometry": { "type": "Point", "coordinates": [ 13.314327408900001, 52.483957970500001 ] } },
{ "type": "Feature", "properties": { "species": "Parus major", "taxon_id": 203153, "latitude": 52.483815261300002, "longitude": 13.3151253042, "date": "2022-01-08", "year": 2022, "month": 1 }, "geometry": { "type": "Point", "coordinates": [ 13.3151253042, 52.483815261300002 ] } },
{ "type": "Feature", "properties": { "species": "Parus major", "taxon_id": 203153, "latitude": 52.483938175299997, "longitude": 13.3152969657, "date": "2022-01-08", "year": 2022, "month": 1 }, "geometry": { "type": "Point", "coordinates": [ 13.3152969657, 52.483938175299997 ] } },
{ "type": "Feature", "properties": { "species": "Parus major", "taxon_id": 203153, "latitude": 52.511858216699999, "longitude": 13.3559380824, "date": "2022-01-08", "year": 2022, "month": 1 }, "geometry": { "type": "Point", "coordinates": [ 13.3559380824, 52.511858216699999 ] } },
{ "type": "Feature", "properties": { "species": "Parus major", "taxon_id": 727684, "latitude": 52.513147280699997, "longitude": 13.4657772258, "date": "2022-01-07", "year": 2022, "month": 1 }, "geometry": { "type": "Point", "coordinates": [ 13.4657772258, 52.513147280699997 ] } },
{ "type": "Feature", "properties": { "species": "Parus major", "taxon_id": 203153, "latitude": 52.531308333299997, "longitude": 13.4209133333, "date": "2022-01-07", "year": 2022, "month": 1 }, "geometry": { "type": "Point", "coordinates": [ 13.4209133333, 52.531308333299997 ] } },
{ "type": "Feature", "properties": { "species": "Parus major", "taxon_id": 203153, "latitude": 52.4838739, "longitude": 13.31720205, "date": "2022-01-06", "year": 2022, "month": 1 }, "geometry": { "type": "Point", "coordinates": [ 13.31720205, 52.4838739 ] } },
{ "type": "Feature", "properties": { "species": "Parus major", "taxon_id": 203153, "latitude": 52.820404228599998, "longitude": 13.7819722402, "date": "2022-01-06", "year": 2022, "month": 1 }, "geometry": { "type": "Point", "coordinates": [ 13.7819722402, 52.820404228599998 ] } },
{ "type": "Feature", "properties": { "species": "Parus major", "taxon_id": 203153, "latitude": 52.5811102511, "longitude": 13.274532772600001, "date": "2021-12-18", "year": 2021, "month": 12 }, "geometry": { "type": "Point", "coordinates": [ 13.274532772600001, 52.5811102511 ] } },
{ "type": "Feature", "properties": { "species": "Parus major", "taxon_id": 203153, "latitude": 52.632271872600001, "longitude": 13.8528896139, "date": "2021-12-12", "year": 2021, "month": 12 }, "geometry": { "type": "Point", "coordinates": [ 13.8528896139, 52.632271872600001 ] } },
{ "type": "Feature", "properties": { "species": "Parus major", "taxon_id": 203153, "latitude": 52.647106306600001, "longitude": 13.376441245800001, "date": "2021-12-07", "year": 2021, "month": 12 }, "geometry": { "type": "Point", "coordinates": [ 13.376441245800001, 52.647106306600001 ] } },
{ "type": "Feature", "properties": { "species": "Parus major", "taxon_id": 203153, "latitude": 52.174356693900002, "longitude": 14.2481048405, "date": "2021-11-27", "year": 2021, "month": 11 }, "geometry": { "type": "Point", "coordinates": [ 14.2481048405, 52.174356693900002 ] } },
{ "type": "Feature", "properties": { "species": "Parus major", "taxon_id": 203153, "latitude": 52.6720645, "longitude": 13.2786739, "date": "2021-11-16", "year": 2021, "month": 11 }, "geometry": { "type": "Point", "coordinates": [ 13.2786739, 52.6720645 ] } },
{ "type": "Feature", "properties": { "species": "Parus major", "taxon_id": 203153, "latitude": 52.55907763, "longitude": 13.9387818, "date": "2021-11-08", "year": 2021, "month": 11 }, "geometry": { "type": "Point", "coordinates": [ 13.9387818, 52.55907763 ] } },
{ "type": "Feature", "properties": { "species": "Parus major", "taxon_id": 203153, "latitude": 52.547654999000002, "longitude": 13.2439672574, "date": "2021-11-08", "year": 2021, "month": 11 }, "geometry": { "type": "Point", "coordinates": [ 13.2439672574, 52.547654999 ] } },
{ "type": "Feature", "properties": { "species": "Parus major", "taxon_id": 203153, "latitude": 52.545142648400002, "longitude": 13.425886480200001, "date": "2021-11-08", "year": 2021, "month": 11 }, "geometry": { "type": "Point", "coordinates": [ 13.425886480200001, 52.545142648400002 ] } },
{ "type": "Feature", "properties": { "species": "Parus major", "taxon_id": 203153, "latitude": 52.431339119299999, "longitude": 13.4142826607, "date": "2021-11-06", "year": 2021, "month": 11 }, "geometry": { "type": "Point", "coordinates": [ 13.4142826607, 52.431339119299999 ] } },
{ "type": "Feature", "properties": { "species": "Parus major", "taxon_id": 203153, "latitude": 52.984013333299998, "longitude": 13.722533333299999, "date": "2021-10-23", "year": 2021, "month": 10 }, "geometry": { "type": "Point", "coordinates": [ 13.722533333299999, 52.984013333299998 ] } },
{ "type": "Feature", "properties": { "species": "Parus major", "taxon_id": 203153, "latitude": 52.6312769723, "longitude": 13.483008641, "date": "2021-10-17", "year": 2021, "month": 10 }, "geometry": { "type": "Point", "coordinates": [ 13.483008641, 52.6312769723 ] } },
{ "type": "Feature", "properties": { "species": "Parus major", "taxon_id": 203153, "latitude": 52.5294116667, "longitude": 13.421546666699999, "date": "2021-10-03", "year": 2021, "month": 10 }, "geometry": { "type": "Point", "coordinates": [ 13.421546666699999, 52.5294116667 ] } },
{ "type": "Feature", "properties": { "species": "Parus major", "taxon_id": 203153, "latitude": 52.5129581841, "longitude": 13.3573112686, "date": "2021-09-26", "year": 2021, "month": 9 }, "geometry": { "type": "Point", "coordinates": [ 13.3573112686, 52.5129581841 ] } },
{ "type": "Feature", "properties": { "species": "Parus major", "taxon_id": 203153, "latitude": 52.577638801, "longitude": 13.4097246157, "date": "2021-09-24", "year": 2021, "month": 9 }, "geometry": { "type": "Point", "coordinates": [ 13.4097246157, 52.577638801 ] } },
{ "type": "Feature", "properties": { "species": "Parus major", "taxon_id": 203153, "latitude": 52.476024101100002, "longitude": 13.432951346, "date": "2021-09-22", "year": 2021, "month": 9 }, "geometry": { "type": "Point", "coordinates": [ 13.432951346, 52.476024101100002 ] } },
{ "type": "Feature", "properties": { "species": "Parus major", "taxon_id": 203153, "latitude": 52.514575144399998, "longitude": 13.3501015976, "date": "2021-09-14", "year": 2021, "month": 9 }, "geometry": { "type": "Point", "coordinates": [ 13.3501015976, 52.514575144399998 ] } },
{ "type": "Feature", "properties": { "species": "Parus major", "taxon_id": 203153, "latitude": 52.527804614300003, "longitude": 13.465214213199999, "date": "2021-09-05", "year": 2021, "month": 9 }, "geometry": { "type": "Point", "coordinates": [ 13.465214213199999, 52.527804614300003 ] } },
{ "type": "Feature", "properties": { "species": "Parus major", "taxon_id": 203153, "latitude": 52.578553911999997, "longitude": 13.408657804300001, "date": "2021-08-31", "year": 2021, "month": 8 }, "geometry": { "type": "Point", "coordinates": [ 13.408657804300001, 52.578553912 ] } },
{ "type": "Feature", "properties": { "species": "Parus major", "taxon_id": 203153, "latitude": 52.53033, "longitude": 13.420155, "date": "2021-08-30", "year": 2021, "month": 8 }, "geometry": { "type": "Point", "coordinates": [ 13.420155, 52.53033 ] } },
{ "type": "Feature", "properties": { "species": "Parus major", "taxon_id": 203153, "latitude": 52.40439637, "longitude": 13.0376422405, "date": "2021-08-26", "year": 2021, "month": 8 }, "geometry": { "type": "Point", "coordinates": [ 13.0376422405, 52.40439637 ] } },
{ "type": "Feature", "properties": { "species": "Parus major", "taxon_id": 203153, "latitude": 52.585685764700003, "longitude": 13.2532545094, "date": "2021-08-25", "year": 2021, "month": 8 }, "geometry": { "type": "Point", "coordinates": [ 13.2532545094, 52.585685764700003 ] } },
{ "type": "Feature", "properties": { "species": "Parus major", "taxon_id": 203153, "latitude": 52.516075134200001, "longitude": 13.466705322199999, "date": "2021-08-23", "year": 2021, "month": 8 }, "geometry": { "type": "Point", "coordinates": [ 13.466705322199999, 52.516075134200001 ] } },
{ "type": "Feature", "properties": { "species": "Parus major", "taxon_id": 203153, "latitude": 52.433143963600003, "longitude": 13.127479252200001, "date": "2021-08-21", "year": 2021, "month": 8 }, "geometry": { "type": "Point", "coordinates": [ 13.127479252200001, 52.433143963600003 ] } },
{ "type": "Feature", "properties": { "species": "Parus major", "taxon_id": 203153, "latitude": 52.514829269899998, "longitude": 13.3688465012, "date": "2021-07-30", "year": 2021, "month": 7 }, "geometry": { "type": "Point", "coordinates": [ 13.3688465012, 52.514829269899998 ] } },
{ "type": "Feature", "properties": { "species": "Parus major", "taxon_id": 203153, "latitude": 52.5224371531, "longitude": 13.2925041765, "date": "2021-07-25", "year": 2021, "month": 7 }, "geometry": { "type": "Point", "coordinates": [ 13.2925041765, 52.5224371531 ] } },
{ "type": "Feature", "properties": { "species": "Parus major", "taxon_id": 203153, "latitude": 52.483923468, "longitude": 13.314991260499999, "date": "2021-07-24", "year": 2021, "month": 7 }, "geometry": { "type": "Point", "coordinates": [ 13.314991260499999, 52.483923468 ] } },
{ "type": "Feature", "properties": { "species": "Parus major", "taxon_id": 203153, "latitude": 52.5407098, "longitude": 13.4190004, "date": "2021-07-22", "year": 2021, "month": 7 }, "geometry": { "type": "Point", "coordinates": [ 13.4190004, 52.5407098 ] } },
{ "type": "Feature", "properties": { "species": "Parus major", "taxon_id": 203153, "latitude": 52.379852060200001, "longitude": 13.8434385499, "date": "2021-07-17", "year": 2021, "month": 7 }, "geometry": { "type": "Point", "coordinates": [ 13.8434385499, 52.379852060200001 ] } },
{ "type": "Feature", "properties": { "species": "Parus major", "taxon_id": 727684, "latitude": 52.379738643800003, "longitude": 13.8437902545, "date": "2021-07-17", "year": 2021, "month": 7 }, "geometry": { "type": "Point", "coordinates": [ 13.8437902545, 52.379738643800003 ] } },
{ "type": "Feature", "properties": { "species": "Parus major", "taxon_id": 203153, "latitude": 52.510277777799999, "longitude": 13.453055555600001, "date": "2021-07-05", "year": 2021, "month": 7 }, "geometry": { "type": "Point", "coordinates": [ 13.453055555600001, 52.510277777799999 ] } },
{ "type": "Feature", "properties": { "species": "Parus major", "taxon_id": 203153, "latitude": 52.451263541400003, "longitude": 13.673842234, "date": "2021-07-04", "year": 2021, "month": 7 }, "geometry": { "type": "Point", "coordinates": [ 13.673842234, 52.451263541400003 ] } },
{ "type": "Feature", "properties": { "species": "Parus major", "taxon_id": 203153, "latitude": 52.453218028000002, "longitude": 13.658602743399999, "date": "2021-07-04", "year": 2021, "month": 7 }, "geometry": { "type": "Point", "coordinates": [ 13.658602743399999, 52.453218028 ] } },
{ "type": "Feature", "properties": { "species": "Parus major", "taxon_id": 203153, "latitude": 52.445191640200001, "longitude": 13.6883556751, "date": "2021-07-02", "year": 2021, "month": 7 }, "geometry": { "type": "Point", "coordinates": [ 13.6883556751, 52.445191640200001 ] } },
{ "type": "Feature", "properties": { "species": "Parus major", "taxon_id": 203153, "latitude": 52.4450148142, "longitude": 13.735357950099999, "date": "2021-06-29", "year": 2021, "month": 6 }, "geometry": { "type": "Point", "coordinates": [ 13.735357950099999, 52.4450148142 ] } },
{ "type": "Feature", "properties": { "species": "Parus major", "taxon_id": 203153, "latitude": 52.447319846200003, "longitude": 13.693182863900001, "date": "2021-06-27", "year": 2021, "month": 6 }, "geometry": { "type": "Point", "coordinates": [ 13.693182863900001, 52.447319846200003 ] } },
{ "type": "Feature", "properties": { "species": "Parus major", "taxon_id": 203153, "latitude": 52.453087258899998, "longitude": 13.3065784706, "date": "2021-06-27", "year": 2021, "month": 6 }, "geometry": { "type": "Point", "coordinates": [ 13.3065784706, 52.453087258899998 ] } },
{ "type": "Feature", "properties": { "species": "Parus major", "taxon_id": 203153, "latitude": 52.403288333299997, "longitude": 13.057283333299999, "date": "2021-06-15", "year": 2021, "month": 6 }, "geometry": { "type": "Point", "coordinates": [ 13.057283333299999, 52.403288333299997 ] } },
{ "type": "Feature", "properties": { "species": "Parus major", "taxon_id": 203153, "latitude": 52.451985772699999, "longitude": 13.0874698289, "date": "2021-06-09", "year": 2021, "month": 6 }, "geometry": { "type": "Point", "coordinates": [ 13.0874698289, 52.451985772699999 ] } },
{ "type": "Feature", "properties": { "species": "Parus major", "taxon_id": 203153, "latitude": 52.440736792700001, "longitude": 13.6799045523, "date": "2021-06-05", "year": 2021, "month": 6 }, "geometry": { "type": "Point", "coordinates": [ 13.6799045523, 52.440736792700001 ] } },
{ "type": "Feature", "properties": { "species": "Parus major", "taxon_id": 203153, "latitude": 52.440046215199999, "longitude": 13.685206063100001, "date": "2021-06-05", "year": 2021, "month": 6 }, "geometry": { "type": "Point", "coordinates": [ 13.685206063100001, 52.440046215199999 ] } },
{ "type": "Feature", "properties": { "species": "Parus major", "taxon_id": 203153, "latitude": 52.438335247200001, "longitude": 13.0884225183, "date": "2021-06-04", "year": 2021, "month": 6 }, "geometry": { "type": "Point", "coordinates": [ 13.0884225183, 52.438335247200001 ] } },
{ "type": "Feature", "properties": { "species": "Parus major", "taxon_id": 203153, "latitude": 52.526699300099999, "longitude": 13.431887336300001, "date": "2021-05-30", "year": 2021, "month": 5 }, "geometry": { "type": "Point", "coordinates": [ 13.431887336300001, 52.526699300099999 ] } },
{ "type": "Feature", "properties": { "species": "Parus major", "taxon_id": 203153, "latitude": 52.419546081699998, "longitude": 13.773009181000001, "date": "2021-05-30", "year": 2021, "month": 5 }, "geometry": { "type": "Point", "coordinates": [ 13.773009181, 52.419546081699998 ] } },
{ "type": "Feature", "properties": { "species": "Parus major", "taxon_id": 203153, "latitude": 52.5203645, "longitude": 13.4382244, "date": "2021-05-29", "year": 2021, "month": 5 }, "geometry": { "type": "Point", "coordinates": [ 13.4382244, 52.5203645 ] } },
{ "type": "Feature", "properties": { "species": "Parus major", "taxon_id": 727684, "latitude": 52.520372086599998, "longitude": 13.441366455200001, "date": "2021-05-29", "year": 2021, "month": 5 }, "geometry": { "type": "Point", "coordinates": [ 13.441366455200001, 52.520372086599998 ] } },
{ "type": "Feature", "properties": { "species": "Parus major", "taxon_id": 203153, "latitude": 52.222761991299997, "longitude": 13.181248786, "date": "2021-05-26", "year": 2021, "month": 5 }, "geometry": { "type": "Point", "coordinates": [ 13.181248786, 52.222761991299997 ] } },
{ "type": "Feature", "properties": { "species": "Parus major", "taxon_id": 203153, "latitude": 52.465402777800001, "longitude": 13.251836111099999, "date": "2021-05-24", "year": 2021, "month": 5 }, "geometry": { "type": "Point", "coordinates": [ 13.251836111099999, 52.465402777800001 ] } },
{ "type": "Feature", "properties": { "species": "Parus major", "taxon_id": 203153, "latitude": 52.393407865500002, "longitude": 13.0264239712, "date": "2021-05-24", "year": 2021, "month": 5 }, "geometry": { "type": "Point", "coordinates": [ 13.0264239712, 52.393407865500002 ] } },
{ "type": "Feature", "properties": { "species": "Parus major", "taxon_id": 203153, "latitude": 52.605296541400001, "longitude": 13.627541040100001, "date": "2021-05-23", "year": 2021, "month": 5 }, "geometry": { "type": "Point", "coordinates": [ 13.627541040100001, 52.605296541400001 ] } },
{ "type": "Feature", "properties": { "species": "Parus major", "taxon_id": 727684, "latitude": 52.715977208399998, "longitude": 13.8363958228, "date": "2021-05-23", "year": 2021, "month": 5 }, "geometry": { "type": "Point", "coordinates": [ 13.8363958228, 52.715977208399998 ] } },
{ "type": "Feature", "properties": { "species": "Parus major", "taxon_id": 203153, "latitude": 52.394031372800001, "longitude": 13.5621708819, "date": "2021-05-22", "year": 2021, "month": 5 }, "geometry": { "type": "Point", "coordinates": [ 13.5621708819, 52.394031372800001 ] } },
{ "type": "Feature", "properties": { "species": "Parus major", "taxon_id": 203153, "latitude": 52.409672604000001, "longitude": 13.0118067054, "date": "2021-05-17", "year": 2021, "month": 5 }, "geometry": { "type": "Point", "coordinates": [ 13.0118067054, 52.409672604 ] } },
{ "type": "Feature", "properties": { "species": "Parus major", "taxon_id": 203153, "latitude": 52.614013333300001, "longitude": 13.462955, "date": "2021-05-15", "year": 2021, "month": 5 }, "geometry": { "type": "Point", "coordinates": [ 13.462955, 52.614013333300001 ] } },
{ "type": "Feature", "properties": { "species": "Parus major", "taxon_id": 203153, "latitude": 52.5038151133, "longitude": 13.116904696200001, "date": "2021-05-10", "year": 2021, "month": 5 }, "geometry": { "type": "Point", "coordinates": [ 13.116904696200001, 52.5038151133 ] } },
{ "type": "Feature", "properties": { "species": "Parus major", "taxon_id": 203153, "latitude": 52.544328948100002, "longitude": 13.824541121699999, "date": "2021-05-10", "year": 2021, "month": 5 }, "geometry": { "type": "Point", "coordinates": [ 13.824541121699999, 52.544328948100002 ] } },
{ "type": "Feature", "properties": { "species": "Parus major", "taxon_id": 203153, "latitude": 52.439408333300001, "longitude": 13.2368966667, "date": "2021-05-08", "year": 2021, "month": 5 }, "geometry": { "type": "Point", "coordinates": [ 13.2368966667, 52.439408333300001 ] } },
{ "type": "Feature", "properties": { "species": "Parus major", "taxon_id": 203153, "latitude": 52.537406913700003, "longitude": 13.440100060700001, "date": "2021-05-08", "year": 2021, "month": 5 }, "geometry": { "type": "Point", "coordinates": [ 13.440100060700001, 52.537406913700003 ] } },
{ "type": "Feature", "properties": { "species": "Parus major", "taxon_id": 203153, "latitude": 52.537615753799997, "longitude": 13.439434847499999, "date": "2021-05-08", "year": 2021, "month": 5 }, "geometry": { "type": "Point", "coordinates": [ 13.439434847499999, 52.537615753799997 ] } },
{ "type": "Feature", "properties": { "species": "Parus major", "taxon_id": 203153, "latitude": 52.537567531000001, "longitude": 13.439864035599999, "date": "2021-05-08", "year": 2021, "month": 5 }, "geometry": { "type": "Point", "coordinates": [ 13.439864035599999, 52.537567531 ] } },
{ "type": "Feature", "properties": { "species": "Parus major", "taxon_id": 203153, "latitude": 52.537515318499999, "longitude": 13.4394563216, "date": "2021-05-08", "year": 2021, "month": 5 }, "geometry": { "type": "Point", "coordinates": [ 13.4394563216, 52.537515318499999 ] } },
{ "type": "Feature", "properties": { "species": "Parus major", "taxon_id": 203153, "latitude": 52.495237665600001, "longitude": 13.396853759200001, "date": "2021-05-07", "year": 2021, "month": 5 }, "geometry": { "type": "Point", "coordinates": [ 13.396853759200001, 52.495237665600001 ] } },
{ "type": "Feature", "properties": { "species": "Parus major", "taxon_id": 203153, "latitude": 52.49408929, "longitude": 13.32616402, "date": "2021-05-03", "year": 2021, "month": 5 }, "geometry": { "type": "Point", "coordinates": [ 13.32616402, 52.49408929 ] } },
{ "type": "Feature", "properties": { "species": "Parus major", "taxon_id": 203153, "latitude": 52.439596666699998, "longitude": 13.237065, "date": "2021-05-01", "year": 2021, "month": 5 }, "geometry": { "type": "Point", "coordinates": [ 13.237065, 52.439596666699998 ] } },
{ "type": "Feature", "properties": { "species": "Parus major", "taxon_id": 203153, "latitude": 52.514338333300003, "longitude": 13.3388166667, "date": "2021-05-01", "year": 2021, "month": 5 }, "geometry": { "type": "Point", "coordinates": [ 13.3388166667, 52.514338333300003 ] } },
{ "type": "Feature", "properties": { "species": "Parus major", "taxon_id": 203153, "latitude": 52.553453700799999, "longitude": 13.4929432932, "date": "2021-05-01", "year": 2021, "month": 5 }, "geometry": { "type": "Point", "coordinates": [ 13.4929432932, 52.553453700799999 ] } },
{ "type": "Feature", "properties": { "species": "Parus major", "taxon_id": 203153, "latitude": 52.573091070899999, "longitude": 13.5039015961, "date": "2021-04-28", "year": 2021, "month": 4 }, "geometry": { "type": "Point", "coordinates": [ 13.5039015961, 52.573091070899999 ] } },
{ "type": "Feature", "properties": { "species": "Parus major", "taxon_id": 203153, "latitude": 52.481420312899999, "longitude": 13.4922340883, "date": "2021-04-22", "year": 2021, "month": 4 }, "geometry": { "type": "Point", "coordinates": [ 13.4922340883, 52.481420312899999 ] } },
{ "type": "Feature", "properties": { "species": "Parus major", "taxon_id": 203153, "latitude": 52.488071944399998, "longitude": 13.477579094399999, "date": "2021-04-22", "year": 2021, "month": 4 }, "geometry": { "type": "Point", "coordinates": [ 13.477579094399999, 52.488071944399998 ] } },
{ "type": "Feature", "properties": { "species": "Parus major", "taxon_id": 203153, "latitude": 52.489812368400003, "longitude": 13.475761884200001, "date": "2021-04-22", "year": 2021, "month": 4 }, "geometry": { "type": "Point", "coordinates": [ 13.475761884200001, 52.489812368400003 ] } },
{ "type": "Feature", "properties": { "species": "Parus major", "taxon_id": 203153, "latitude": 52.461850004799999, "longitude": 13.390269443499999, "date": "2021-04-20", "year": 2021, "month": 4 }, "geometry": { "type": "Point", "coordinates": [ 13.390269443499999, 52.461850004799999 ] } },
{ "type": "Feature", "properties": { "species": "Parus major", "taxon_id": 203153, "latitude": 52.548783333300001, "longitude": 13.1559195, "date": "2021-04-20", "year": 2021, "month": 4 }, "geometry": { "type": "Point", "coordinates": [ 13.1559195, 52.548783333300001 ] } },
{ "type": "Feature", "properties": { "species": "Parus major", "taxon_id": 203153, "latitude": 52.170387710900002, "longitude": 14.252733600099999, "date": "2021-04-16", "year": 2021, "month": 4 }, "geometry": { "type": "Point", "coordinates": [ 14.252733600099999, 52.170387710900002 ] } },
{ "type": "Feature", "properties": { "species": "Parus major", "taxon_id": 203153, "latitude": 52.594722222199998, "longitude": 13.268333333299999, "date": "2021-04-10", "year": 2021, "month": 4 }, "geometry": { "type": "Point", "coordinates": [ 13.268333333299999, 52.594722222199998 ] } },
{ "type": "Feature", "properties": { "species": "Parus major", "taxon_id": 203153, "latitude": 52.594313210300001, "longitude": 13.3849294111, "date": "2021-04-09", "year": 2021, "month": 4 }, "geometry": { "type": "Point", "coordinates": [ 13.3849294111, 52.594313210300001 ] } },
{ "type": "Feature", "properties": { "species": "Parus major", "taxon_id": 203153, "latitude": 52.417410288500001, "longitude": 13.047013746599999, "date": "2021-04-04", "year": 2021, "month": 4 }, "geometry": { "type": "Point", "coordinates": [ 13.047013746599999, 52.417410288500001 ] } },
{ "type": "Feature", "properties": { "species": "Parus major", "taxon_id": 203153, "latitude": 52.243125, "longitude": 13.121936166699999, "date": "2021-04-01", "year": 2021, "month": 4 }, "geometry": { "type": "Point", "coordinates": [ 13.121936166699999, 52.243125 ] } },
{ "type": "Feature", "properties": { "species": "Parus major", "taxon_id": 203153, "latitude": 52.483930610199998, "longitude": 13.313919625, "date": "2021-03-26", "year": 2021, "month": 3 }, "geometry": { "type": "Point", "coordinates": [ 13.313919625, 52.483930610199998 ] } },
{ "type": "Feature", "properties": { "species": "Parus major", "taxon_id": 203153, "latitude": 52.567159819899999, "longitude": 13.4477170731, "date": "2021-03-18", "year": 2021, "month": 3 }, "geometry": { "type": "Point", "coordinates": [ 13.4477170731, 52.567159819899999 ] } },
{ "type": "Feature", "properties": { "species": "Parus major", "taxon_id": 203153, "latitude": 52.520527477000002, "longitude": 13.404953777799999, "date": "2021-03-14", "year": 2021, "month": 3 }, "geometry": { "type": "Point", "coordinates": [ 13.404953777799999, 52.520527477 ] } },
{ "type": "Feature", "properties": { "species": "Parus major", "taxon_id": 203153, "latitude": 52.516308333300003, "longitude": 13.3656366667, "date": "2021-03-08", "year": 2021, "month": 3 }, "geometry": { "type": "Point", "coordinates": [ 13.3656366667, 52.516308333300003 ] } },
{ "type": "Feature", "properties": { "species": "Parus major", "taxon_id": 203153, "latitude": 52.512153899399998, "longitude": 13.3543790449, "date": "2021-03-06", "year": 2021, "month": 3 }, "geometry": { "type": "Point", "coordinates": [ 13.3543790449, 52.512153899399998 ] } },
{ "type": "Feature", "properties": { "species": "Parus major", "taxon_id": 203153, "latitude": 52.437350052100001, "longitude": 13.220798222199999, "date": "2021-02-24", "year": 2021, "month": 2 }, "geometry": { "type": "Point", "coordinates": [ 13.220798222199999, 52.437350052100001 ] } },
{ "type": "Feature", "properties": { "species": "Parus major", "taxon_id": 203153, "latitude": 52.438468803500001, "longitude": 13.187738538, "date": "2021-02-24", "year": 2021, "month": 2 }, "geometry": { "type": "Point", "coordinates": [ 13.187738538, 52.438468803500001 ] } },
{ "type": "Feature", "properties": { "species": "Parus major", "taxon_id": 203153, "latitude": 52.512488835799999, "longitude": 13.3539639456, "date": "2021-02-20", "year": 2021, "month": 2 }, "geometry": { "type": "Point", "coordinates": [ 13.3539639456, 52.512488835799999 ] } },
{ "type": "Feature", "properties": { "species": "Parus major", "taxon_id": 203153, "latitude": 52.6035364333, "longitude": 13.5768411309, "date": "2021-02-19", "year": 2021, "month": 2 }, "geometry": { "type": "Point", "coordinates": [ 13.5768411309, 52.6035364333 ] } },
{ "type": "Feature", "properties": { "species": "Parus major", "taxon_id": 203153, "latitude": 52.467073025700003, "longitude": 13.6799361292, "date": "2021-02-14", "year": 2021, "month": 2 }, "geometry": { "type": "Point", "coordinates": [ 13.6799361292, 52.467073025700003 ] } },
{ "type": "Feature", "properties": { "species": "Parus major", "taxon_id": 203153, "latitude": 52.4549632, "longitude": 13.306528999699999, "date": "2021-01-29", "year": 2021, "month": 1 }, "geometry": { "type": "Point", "coordinates": [ 13.306528999699999, 52.4549632 ] } },
{ "type": "Feature", "properties": { "species": "Parus major", "taxon_id": 203153, "latitude": 52.484135108099998, "longitude": 13.4204718928, "date": "2021-01-22", "year": 2021, "month": 1 }, "geometry": { "type": "Point", "coordinates": [ 13.4204718928, 52.484135108099998 ] } },
{ "type": "Feature", "properties": { "species": "Parus major", "taxon_id": 203153, "latitude": 52.44048, "longitude": 13.336648, "date": "2021-01-20", "year": 2021, "month": 1 }, "geometry": { "type": "Point", "coordinates": [ 13.336648, 52.44048 ] } },
{ "type": "Feature", "properties": { "species": "Parus major", "taxon_id": 203153, "latitude": 52.482430329400003, "longitude": 13.412207833, "date": "2021-01-15", "year": 2021, "month": 1 }, "geometry": { "type": "Point", "coordinates": [ 13.412207833, 52.482430329400003 ] } },
{ "type": "Feature", "properties": { "species": "Parus major", "taxon_id": 203153, "latitude": 52.512488878, "longitude": 13.352075618000001, "date": "2021-01-10", "year": 2021, "month": 1 }, "geometry": { "type": "Point", "coordinates": [ 13.352075618, 52.512488878 ] } },
{ "type": "Feature", "properties": { "species": "Parus major", "taxon_id": 203153, "latitude": 52.479966284699998, "longitude": 14.004097916199999, "date": "2021-01-10", "year": 2021, "month": 1 }, "geometry": { "type": "Point", "coordinates": [ 14.004097916199999, 52.479966284699998 ] } },
{ "type": "Feature", "properties": { "species": "Parus major", "taxon_id": 203153, "latitude": 52.7565622949, "longitude": 13.2646735373, "date": "2021-01-02", "year": 2021, "month": 1 }, "geometry": { "type": "Point", "coordinates": [ 13.2646735373, 52.7565622949 ] } },
{ "type": "Feature", "properties": { "species": "Parus major", "taxon_id": 203153, "latitude": 52.417102111200002, "longitude": 13.0475162342, "date": "2020-12-25", "year": 2020, "month": 12 }, "geometry": { "type": "Point", "coordinates": [ 13.0475162342, 52.417102111200002 ] } },
{ "type": "Feature", "properties": { "species": "Parus major", "taxon_id": 203153, "latitude": 52.4828, "longitude": 13.411833333300001, "date": "2020-12-24", "year": 2020, "month": 12 }, "geometry": { "type": "Point", "coordinates": [ 13.411833333300001, 52.4828 ] } },
{ "type": "Feature", "properties": { "species": "Parus major", "taxon_id": 203153, "latitude": 52.4828016194, "longitude": 13.411706197799999, "date": "2020-12-21", "year": 2020, "month": 12 }, "geometry": { "type": "Point", "coordinates": [ 13.411706197799999, 52.4828016194 ] } },
{ "type": "Feature", "properties": { "species": "Parus major", "taxon_id": 203153, "latitude": 52.208441666699997, "longitude": 13.095468333299999, "date": "2020-12-20", "year": 2020, "month": 12 }, "geometry": { "type": "Point", "coordinates": [ 13.095468333299999, 52.208441666699997 ] } },
{ "type": "Feature", "properties": { "species": "Parus major", "taxon_id": 203153, "latitude": 52.47843, "longitude": 13.419536666699999, "date": "2020-11-29", "year": 2020, "month": 11 }, "geometry": { "type": "Point", "coordinates": [ 13.419536666699999, 52.47843 ] } },
{ "type": "Feature", "properties": { "species": "Parus major", "taxon_id": 203153, "latitude": 52.512488888900002, "longitude": 13.360411111099999, "date": "2020-11-15", "year": 2020, "month": 11 }, "geometry": { "type": "Point", "coordinates": [ 13.360411111099999, 52.512488888900002 ] } },
{ "type": "Feature", "properties": { "species": "Parus major", "taxon_id": 203153, "latitude": 52.515, "longitude": 13.3605555556, "date": "2020-11-04", "year": 2020, "month": 11 }, "geometry": { "type": "Point", "coordinates": [ 13.3605555556, 52.515 ] } },
{ "type": "Feature", "properties": { "species": "Parus major", "taxon_id": 203153, "latitude": 52.493166180700001, "longitude": 13.3399373307, "date": "2020-11-04", "year": 2020, "month": 11 }, "geometry": { "type": "Point", "coordinates": [ 13.3399373307, 52.493166180700001 ] } },
{ "type": "Feature", "properties": { "species": "Parus major", "taxon_id": 203153, "latitude": 52.439349608199997, "longitude": 13.236943076299999, "date": "2020-11-03", "year": 2020, "month": 11 }, "geometry": { "type": "Point", "coordinates": [ 13.236943076299999, 52.439349608199997 ] } },
{ "type": "Feature", "properties": { "species": "Parus major", "taxon_id": 203153, "latitude": 52.829319087199998, "longitude": 13.150891251899999, "date": "2020-10-24", "year": 2020, "month": 10 }, "geometry": { "type": "Point", "coordinates": [ 13.150891251899999, 52.829319087199998 ] } },
{ "type": "Feature", "properties": { "species": "Parus major", "taxon_id": 203153, "latitude": 52.483869786299998, "longitude": 13.314508549, "date": "2020-10-24", "year": 2020, "month": 10 }, "geometry": { "type": "Point", "coordinates": [ 13.314508549, 52.483869786299998 ] } },
{ "type": "Feature", "properties": { "species": "Parus major", "taxon_id": 203153, "latitude": 52.4467233333, "longitude": 13.2199166667, "date": "2020-10-16", "year": 2020, "month": 10 }, "geometry": { "type": "Point", "coordinates": [ 13.2199166667, 52.4467233333 ] } },
{ "type": "Feature", "properties": { "species": "Parus major", "taxon_id": 203153, "latitude": 52.524788790599999, "longitude": 13.292085416600001, "date": "2020-10-16", "year": 2020, "month": 10 }, "geometry": { "type": "Point", "coordinates": [ 13.292085416600001, 52.524788790599999 ] } },
{ "type": "Feature", "properties": { "species": "Parus major", "taxon_id": 203153, "latitude": 52.52800833, "longitude": 13.430795, "date": "2020-10-11", "year": 2020, "month": 10 }, "geometry": { "type": "Point", "coordinates": [ 13.430795, 52.52800833 ] } },
{ "type": "Feature", "properties": { "species": "Parus major", "taxon_id": 203153, "latitude": 52.439368457999997, "longitude": 13.2368505296, "date": "2020-10-10", "year": 2020, "month": 10 }, "geometry": { "type": "Point", "coordinates": [ 13.2368505296, 52.439368458 ] } },
{ "type": "Feature", "properties": { "species": "Parus major", "taxon_id": 203153, "latitude": 52.439368379699999, "longitude": 13.2367700244, "date": "2020-09-27", "year": 2020, "month": 9 }, "geometry": { "type": "Point", "coordinates": [ 13.2367700244, 52.439368379699999 ] } },
{ "type": "Feature", "properties": { "species": "Parus major", "taxon_id": 203153, "latitude": 52.407447489200003, "longitude": 13.047668424799999, "date": "2020-09-21", "year": 2020, "month": 9 }, "geometry": { "type": "Point", "coordinates": [ 13.047668424799999, 52.407447489200003 ] } },
{ "type": "Feature", "properties": { "species": "Parus major", "taxon_id": 203153, "latitude": 52.465411750299999, "longitude": 13.3602946025, "date": "2020-09-21", "year": 2020, "month": 9 }, "geometry": { "type": "Point", "coordinates": [ 13.3602946025, 52.465411750299999 ] } },
{ "type": "Feature", "properties": { "species": "Parus major", "taxon_id": 203153, "latitude": 52.511148691499997, "longitude": 13.3632744696, "date": "2020-09-13", "year": 2020, "month": 9 }, "geometry": { "type": "Point", "coordinates": [ 13.3632744696, 52.511148691499997 ] } },
{ "type": "Feature", "properties": { "species": "Parus major", "taxon_id": 203153, "latitude": 52.4131262402, "longitude": 13.4399363777, "date": "2020-09-03", "year": 2020, "month": 9 }, "geometry": { "type": "Point", "coordinates": [ 13.4399363777, 52.4131262402 ] } },
{ "type": "Feature", "properties": { "species": "Parus major", "taxon_id": 203153, "latitude": 52.4393658475, "longitude": 13.236816649, "date": "2020-08-28", "year": 2020, "month": 8 }, "geometry": { "type": "Point", "coordinates": [ 13.236816649, 52.4393658475 ] } },
{ "type": "Feature", "properties": { "species": "Parus major", "taxon_id": 203153, "latitude": 52.457199014399997, "longitude": 13.3041958637, "date": "2020-08-25", "year": 2020, "month": 8 }, "geometry": { "type": "Point", "coordinates": [ 13.3041958637, 52.457199014399997 ] } },
{ "type": "Feature", "properties": { "species": "Parus major", "taxon_id": 203153, "latitude": 52.457367443700001, "longitude": 13.3042125664, "date": "2020-08-25", "year": 2020, "month": 8 }, "geometry": { "type": "Point", "coordinates": [ 13.3042125664, 52.457367443700001 ] } },
{ "type": "Feature", "properties": { "species": "Parus major", "taxon_id": 203153, "latitude": 52.457267907899997, "longitude": 13.3045399188, "date": "2020-08-25", "year": 2020, "month": 8 }, "geometry": { "type": "Point", "coordinates": [ 13.3045399188, 52.457267907899997 ] } },
{ "type": "Feature", "properties": { "species": "Parus major", "taxon_id": 203153, "latitude": 52.568979396400003, "longitude": 13.2579733051, "date": "2020-08-23", "year": 2020, "month": 8 }, "geometry": { "type": "Point", "coordinates": [ 13.2579733051, 52.568979396400003 ] } },
{ "type": "Feature", "properties": { "species": "Parus major", "taxon_id": 203153, "latitude": 52.439478333300002, "longitude": 13.236785, "date": "2020-08-17", "year": 2020, "month": 8 }, "geometry": { "type": "Point", "coordinates": [ 13.236785, 52.439478333300002 ] } },
{ "type": "Feature", "properties": { "species": "Parus major", "taxon_id": 203153, "latitude": 52.439354434999998, "longitude": 13.2368813186, "date": "2020-08-07", "year": 2020, "month": 8 }, "geometry": { "type": "Point", "coordinates": [ 13.2368813186, 52.439354435 ] } },
{ "type": "Feature", "properties": { "species": "Parus major", "taxon_id": 203153, "latitude": 52.62327517, "longitude": 13.456825, "date": "2020-08-05", "year": 2020, "month": 8 }, "geometry": { "type": "Point", "coordinates": [ 13.456825, 52.62327517 ] } },
{ "type": "Feature", "properties": { "species": "Parus major", "taxon_id": 203153, "latitude": 52.62279456, "longitude": 13.459392, "date": "2020-08-05", "year": 2020, "month": 8 }, "geometry": { "type": "Point", "coordinates": [ 13.459392, 52.62279456 ] } },
{ "type": "Feature", "properties": { "species": "Parus major", "taxon_id": 203153, "latitude": 52.521972833900001, "longitude": 13.292533423, "date": "2020-07-23", "year": 2020, "month": 7 }, "geometry": { "type": "Point", "coordinates": [ 13.292533423, 52.521972833900001 ] } },
{ "type": "Feature", "properties": { "species": "Parus major", "taxon_id": 203153, "latitude": 52.495418936599997, "longitude": 13.4245610796, "date": "2020-07-21", "year": 2020, "month": 7 }, "geometry": { "type": "Point", "coordinates": [ 13.4245610796, 52.495418936599997 ] } },
{ "type": "Feature", "properties": { "species": "Parus major", "taxon_id": 203153, "latitude": 52.495418936599997, "longitude": 13.4245610796, "date": "2020-07-21", "year": 2020, "month": 7 }, "geometry": { "type": "Point", "coordinates": [ 13.4245610796, 52.495418936599997 ] } },
{ "type": "Feature", "properties": { "species": "Parus major", "taxon_id": 203153, "latitude": 52.639273215499998, "longitude": 13.294669389699999, "date": "2020-07-15", "year": 2020, "month": 7 }, "geometry": { "type": "Point", "coordinates": [ 13.294669389699999, 52.639273215499998 ] } },
{ "type": "Feature", "properties": { "species": "Parus major", "taxon_id": 203153, "latitude": 52.517796669500001, "longitude": 13.2217762146, "date": "2020-07-11", "year": 2020, "month": 7 }, "geometry": { "type": "Point", "coordinates": [ 13.2217762146, 52.517796669500001 ] } },
{ "type": "Feature", "properties": { "species": "Parus major", "taxon_id": 203153, "latitude": 52.423635687900003, "longitude": 13.209360835, "date": "2020-07-07", "year": 2020, "month": 7 }, "geometry": { "type": "Point", "coordinates": [ 13.209360835, 52.423635687900003 ] } },
{ "type": "Feature", "properties": { "species": "Parus major", "taxon_id": 203153, "latitude": 52.424626102600001, "longitude": 13.294892388599999, "date": "2020-06-28", "year": 2020, "month": 6 }, "geometry": { "type": "Point", "coordinates": [ 13.294892388599999, 52.424626102600001 ] } },
{ "type": "Feature", "properties": { "species": "Parus major", "taxon_id": 203153, "latitude": 52.576013528700003, "longitude": 13.3960385095, "date": "2020-06-27", "year": 2020, "month": 6 }, "geometry": { "type": "Point", "coordinates": [ 13.3960385095, 52.576013528700003 ] } },
{ "type": "Feature", "properties": { "species": "Parus major", "taxon_id": 203153, "latitude": 52.425854102499997, "longitude": 13.280437126600001, "date": "2020-06-27", "year": 2020, "month": 6 }, "geometry": { "type": "Point", "coordinates": [ 13.280437126600001, 52.425854102499997 ] } },
{ "type": "Feature", "properties": { "species": "Parus major", "taxon_id": 203153, "latitude": 52.596966654500001, "longitude": 13.2892407525, "date": "2020-06-27", "year": 2020, "month": 6 }, "geometry": { "type": "Point", "coordinates": [ 13.2892407525, 52.596966654500001 ] } },
{ "type": "Feature", "properties": { "species": "Parus major", "taxon_id": 203153, "latitude": 52.555562586800001, "longitude": 13.348973841699999, "date": "2020-06-27", "year": 2020, "month": 6 }, "geometry": { "type": "Point", "coordinates": [ 13.348973841699999, 52.555562586800001 ] } },
{ "type": "Feature", "properties": { "species": "Parus major", "taxon_id": 203153, "latitude": 52.496846383499999, "longitude": 13.277416435199999, "date": "2020-06-27", "year": 2020, "month": 6 }, "geometry": { "type": "Point", "coordinates": [ 13.277416435199999, 52.496846383499999 ] } },
{ "type": "Feature", "properties": { "species": "Parus major", "taxon_id": 203153, "latitude": 52.497444075200001, "longitude": 13.5623256239, "date": "2020-06-26", "year": 2020, "month": 6 }, "geometry": { "type": "Point", "coordinates": [ 13.5623256239, 52.497444075200001 ] } },
{ "type": "Feature", "properties": { "species": "Parus major", "taxon_id": 203153, "latitude": 52.439395029000003, "longitude": 13.2369521042, "date": "2020-06-04", "year": 2020, "month": 6 }, "geometry": { "type": "Point", "coordinates": [ 13.2369521042, 52.439395029 ] } },
{ "type": "Feature", "properties": { "species": "Parus major", "taxon_id": 203153, "latitude": 52.495418936599997, "longitude": 13.4245610796, "date": "2020-06-01", "year": 2020, "month": 6 }, "geometry": { "type": "Point", "coordinates": [ 13.4245610796, 52.495418936599997 ] } },
{ "type": "Feature", "properties": { "species": "Parus major", "taxon_id": 203153, "latitude": 52.5295565, "longitude": 13.5830984, "date": "2020-05-31", "year": 2020, "month": 5 }, "geometry": { "type": "Point", "coordinates": [ 13.5830984, 52.5295565 ] } },
{ "type": "Feature", "properties": { "species": "Parus major", "taxon_id": 203153, "latitude": 52.487527421700001, "longitude": 13.4305851222, "date": "2020-05-20", "year": 2020, "month": 5 }, "geometry": { "type": "Point", "coordinates": [ 13.4305851222, 52.487527421700001 ] } },
{ "type": "Feature", "properties": { "species": "Parus major", "taxon_id": 203153, "latitude": 52.492251965100003, "longitude": 13.320226866600001, "date": "2020-05-15", "year": 2020, "month": 5 }, "geometry": { "type": "Point", "coordinates": [ 13.320226866600001, 52.492251965100003 ] } },
{ "type": "Feature", "properties": { "species": "Parus major", "taxon_id": 203153, "latitude": 52.587124975800002, "longitude": 13.3144543258, "date": "2020-05-10", "year": 2020, "month": 5 }, "geometry": { "type": "Point", "coordinates": [ 13.3144543258, 52.587124975800002 ] } },
{ "type": "Feature", "properties": { "species": "Parus major", "taxon_id": 203153, "latitude": 52.492243985800002, "longitude": 13.320195151, "date": "2020-05-09", "year": 2020, "month": 5 }, "geometry": { "type": "Point", "coordinates": [ 13.320195151, 52.492243985800002 ] } },
{ "type": "Feature", "properties": { "species": "Parus major", "taxon_id": 203153, "latitude": 52.489661031700003, "longitude": 13.357511773500001, "date": "2020-05-08", "year": 2020, "month": 5 }, "geometry": { "type": "Point", "coordinates": [ 13.357511773500001, 52.489661031700003 ] } },
{ "type": "Feature", "properties": { "species": "Parus major", "taxon_id": 203153, "latitude": 52.495620520700001, "longitude": 13.3156828981, "date": "2020-05-08", "year": 2020, "month": 5 }, "geometry": { "type": "Point", "coordinates": [ 13.3156828981, 52.495620520700001 ] } },
{ "type": "Feature", "properties": { "species": "Parus major", "taxon_id": 203153, "latitude": 52.572542167100003, "longitude": 13.2311537386, "date": "2020-05-05", "year": 2020, "month": 5 }, "geometry": { "type": "Point", "coordinates": [ 13.2311537386, 52.572542167100003 ] } },
{ "type": "Feature", "properties": { "species": "Parus major", "taxon_id": 203153, "latitude": 52.487879352999997, "longitude": 13.242569867, "date": "2020-05-03", "year": 2020, "month": 5 }, "geometry": { "type": "Point", "coordinates": [ 13.242569867, 52.487879353 ] } },
{ "type": "Feature", "properties": { "species": "Parus major", "taxon_id": 203153, "latitude": 52.428391586099998, "longitude": 13.2426364196, "date": "2020-05-02", "year": 2020, "month": 5 }, "geometry": { "type": "Point", "coordinates": [ 13.2426364196, 52.428391586099998 ] } },
{ "type": "Feature", "properties": { "species": "Parus major", "taxon_id": 203153, "latitude": 52.518108786200003, "longitude": 13.334711115699999, "date": "2020-04-27", "year": 2020, "month": 4 }, "geometry": { "type": "Point", "coordinates": [ 13.334711115699999, 52.518108786200003 ] } },
{ "type": "Feature", "properties": { "species": "Parus major", "taxon_id": 203153, "latitude": 52.5141838025, "longitude": 13.359117507900001, "date": "2020-04-26", "year": 2020, "month": 4 }, "geometry": { "type": "Point", "coordinates": [ 13.359117507900001, 52.5141838025 ] } },
{ "type": "Feature", "properties": { "species": "Parus major", "taxon_id": 203153, "latitude": 52.54338833, "longitude": 13.42256333, "date": "2020-04-21", "year": 2020, "month": 4 }, "geometry": { "type": "Point", "coordinates": [ 13.42256333, 52.54338833 ] } },
{ "type": "Feature", "properties": { "species": "Parus major", "taxon_id": 203153, "latitude": 52.5141838025, "longitude": 13.359117507900001, "date": "2020-04-19", "year": 2020, "month": 4 }, "geometry": { "type": "Point", "coordinates": [ 13.359117507900001, 52.5141838025 ] } },
{ "type": "Feature", "properties": { "species": "Parus major", "taxon_id": 203153, "latitude": 52.554193509599997, "longitude": 13.4625671291, "date": "2020-04-18", "year": 2020, "month": 4 }, "geometry": { "type": "Point", "coordinates": [ 13.4625671291, 52.554193509599997 ] } },
{ "type": "Feature", "properties": { "species": "Parus major", "taxon_id": 203153, "latitude": 52.484186841400003, "longitude": 13.2570530515, "date": "2020-04-17", "year": 2020, "month": 4 }, "geometry": { "type": "Point", "coordinates": [ 13.2570530515, 52.484186841400003 ] } },
{ "type": "Feature", "properties": { "species": "Parus major", "taxon_id": 203153, "latitude": 52.489542827900003, "longitude": 13.27315021, "date": "2020-04-17", "year": 2020, "month": 4 }, "geometry": { "type": "Point", "coordinates": [ 13.27315021, 52.489542827900003 ] } },
{ "type": "Feature", "properties": { "species": "Parus major", "taxon_id": 203153, "latitude": 52.511066161099997, "longitude": 13.343793137, "date": "2020-04-11", "year": 2020, "month": 4 }, "geometry": { "type": "Point", "coordinates": [ 13.343793137, 52.511066161099997 ] } },
{ "type": "Feature", "properties": { "species": "Parus major", "taxon_id": 203153, "latitude": 52.561590065399997, "longitude": 13.2780127846, "date": "2020-04-11", "year": 2020, "month": 4 }, "geometry": { "type": "Point", "coordinates": [ 13.2780127846, 52.561590065399997 ] } },
{ "type": "Feature", "properties": { "species": "Parus major", "taxon_id": 203153, "latitude": 52.478088687800003, "longitude": 13.2272341545, "date": "2020-04-10", "year": 2020, "month": 4 }, "geometry": { "type": "Point", "coordinates": [ 13.2272341545, 52.478088687800003 ] } },
{ "type": "Feature", "properties": { "species": "Parus major", "taxon_id": 203153, "latitude": 52.4682767, "longitude": 13.232525, "date": "2020-04-10", "year": 2020, "month": 4 }, "geometry": { "type": "Point", "coordinates": [ 13.232525, 52.4682767 ] } },
{ "type": "Feature", "properties": { "species": "Parus major", "taxon_id": 203153, "latitude": 52.535649030999998, "longitude": 13.539314902699999, "date": "2020-04-09", "year": 2020, "month": 4 }, "geometry": { "type": "Point", "coordinates": [ 13.539314902699999, 52.535649031 ] } },
{ "type": "Feature", "properties": { "species": "Parus major", "taxon_id": 203153, "latitude": 52.51641333, "longitude": 13.40594167, "date": "2020-04-04", "year": 2020, "month": 4 }, "geometry": { "type": "Point", "coordinates": [ 13.40594167, 52.51641333 ] } },
{ "type": "Feature", "properties": { "species": "Parus major", "taxon_id": 203153, "latitude": 52.46638749, "longitude": 13.63661209, "date": "2020-03-27", "year": 2020, "month": 3 }, "geometry": { "type": "Point", "coordinates": [ 13.63661209, 52.46638749 ] } },
{ "type": "Feature", "properties": { "species": "Parus major", "taxon_id": 203153, "latitude": 52.46261509, "longitude": 13.62601946, "date": "2020-03-27", "year": 2020, "month": 3 }, "geometry": { "type": "Point", "coordinates": [ 13.62601946, 52.46261509 ] } },
{ "type": "Feature", "properties": { "species": "Parus major", "taxon_id": 203153, "latitude": 52.646276052700003, "longitude": 13.4820678779, "date": "2020-03-25", "year": 2020, "month": 3 }, "geometry": { "type": "Point", "coordinates": [ 13.4820678779, 52.646276052700003 ] } },
{ "type": "Feature", "properties": { "species": "Parus major", "taxon_id": 203153, "latitude": 52.250901434799999, "longitude": 13.775152266, "date": "2020-03-24", "year": 2020, "month": 3 }, "geometry": { "type": "Point", "coordinates": [ 13.775152266, 52.250901434799999 ] } },
{ "type": "Feature", "properties": { "species": "Parus major", "taxon_id": 203153, "latitude": 52.446856119099998, "longitude": 13.3972778239, "date": "2020-03-23", "year": 2020, "month": 3 }, "geometry": { "type": "Point", "coordinates": [ 13.3972778239, 52.446856119099998 ] } },
{ "type": "Feature", "properties": { "species": "Parus major", "taxon_id": 203153, "latitude": 52.5160767255, "longitude": 13.304756035600001, "date": "2020-03-20", "year": 2020, "month": 3 }, "geometry": { "type": "Point", "coordinates": [ 13.304756035600001, 52.5160767255 ] } },
{ "type": "Feature", "properties": { "species": "Parus major", "taxon_id": 203153, "latitude": 52.447529919300003, "longitude": 13.391587428499999, "date": "2020-03-08", "year": 2020, "month": 3 }, "geometry": { "type": "Point", "coordinates": [ 13.391587428499999, 52.447529919300003 ] } },
{ "type": "Feature", "properties": { "species": "Parus major", "taxon_id": 203153, "latitude": 52.48955963, "longitude": 13.23452009, "date": "2020-03-07", "year": 2020, "month": 3 }, "geometry": { "type": "Point", "coordinates": [ 13.23452009, 52.48955963 ] } },
{ "type": "Feature", "properties": { "species": "Parus major", "taxon_id": 203153, "latitude": 52.394360363799997, "longitude": 13.0506145817, "date": "2020-03-07", "year": 2020, "month": 3 }, "geometry": { "type": "Point", "coordinates": [ 13.0506145817, 52.394360363799997 ] } },
{ "type": "Feature", "properties": { "species": "Parus major", "taxon_id": 203153, "latitude": 52.398329059200002, "longitude": 13.0470864232, "date": "2020-03-04", "year": 2020, "month": 3 }, "geometry": { "type": "Point", "coordinates": [ 13.0470864232, 52.398329059200002 ] } },
{ "type": "Feature", "properties": { "species": "Parus major", "taxon_id": 203153, "latitude": 52.401691188299999, "longitude": 13.0614632542, "date": "2020-03-01", "year": 2020, "month": 3 }, "geometry": { "type": "Point", "coordinates": [ 13.0614632542, 52.401691188299999 ] } },
{ "type": "Feature", "properties": { "species": "Parus major", "taxon_id": 203153, "latitude": 52.638274642100001, "longitude": 13.8966680691, "date": "2020-03-01", "year": 2020, "month": 3 }, "geometry": { "type": "Point", "coordinates": [ 13.8966680691, 52.638274642100001 ] } },
{ "type": "Feature", "properties": { "species": "Parus major", "taxon_id": 203153, "latitude": 52.487643055, "longitude": 13.382806945, "date": "2020-02-28", "year": 2020, "month": 2 }, "geometry": { "type": "Point", "coordinates": [ 13.382806945, 52.487643055 ] } },
{ "type": "Feature", "properties": { "species": "Parus major", "taxon_id": 203153, "latitude": 52.593468083399998, "longitude": 13.2635662434, "date": "2020-02-22", "year": 2020, "month": 2 }, "geometry": { "type": "Point", "coordinates": [ 13.2635662434, 52.593468083399998 ] } },
{ "type": "Feature", "properties": { "species": "Parus major", "taxon_id": 203153, "latitude": 52.601561755799999, "longitude": 13.0032362843, "date": "2020-02-18", "year": 2020, "month": 2 }, "geometry": { "type": "Point", "coordinates": [ 13.0032362843, 52.601561755799999 ] } },
{ "type": "Feature", "properties": { "species": "Parus major", "taxon_id": 203153, "latitude": 52.603202829899999, "longitude": 13.003689595199999, "date": "2020-02-17", "year": 2020, "month": 2 }, "geometry": { "type": "Point", "coordinates": [ 13.003689595199999, 52.603202829899999 ] } },
{ "type": "Feature", "properties": { "species": "Parus major", "taxon_id": 203153, "latitude": 52.601471752999998, "longitude": 13.003342376599999, "date": "2020-02-16", "year": 2020, "month": 2 }, "geometry": { "type": "Point", "coordinates": [ 13.003342376599999, 52.601471753 ] } },
{ "type": "Feature", "properties": { "species": "Parus major", "taxon_id": 203153, "latitude": 52.601471752999998, "longitude": 13.003342376599999, "date": "2020-02-16", "year": 2020, "month": 2 }, "geometry": { "type": "Point", "coordinates": [ 13.003342376599999, 52.601471753 ] } },
{ "type": "Feature", "properties": { "species": "Parus major", "taxon_id": 203153, "latitude": 52.601471752999998, "longitude": 13.003342376599999, "date": "2020-02-16", "year": 2020, "month": 2 }, "geometry": { "type": "Point", "coordinates": [ 13.003342376599999, 52.601471753 ] } },
{ "type": "Feature", "properties": { "species": "Parus major", "taxon_id": 203153, "latitude": 52.601471842300001, "longitude": 13.0033288348, "date": "2020-02-16", "year": 2020, "month": 2 }, "geometry": { "type": "Point", "coordinates": [ 13.0033288348, 52.601471842300001 ] } },
{ "type": "Feature", "properties": { "species": "Parus major", "taxon_id": 203153, "latitude": 52.601471842300001, "longitude": 13.0033288348, "date": "2020-02-16", "year": 2020, "month": 2 }, "geometry": { "type": "Point", "coordinates": [ 13.0033288348, 52.601471842300001 ] } },
{ "type": "Feature", "properties": { "species": "Parus major", "taxon_id": 203153, "latitude": 52.601471842300001, "longitude": 13.0033288348, "date": "2020-02-16", "year": 2020, "month": 2 }, "geometry": { "type": "Point", "coordinates": [ 13.0033288348, 52.601471842300001 ] } },
{ "type": "Feature", "properties": { "species": "Parus major", "taxon_id": 203153, "latitude": 52.495289689000003, "longitude": 13.3792738905, "date": "2020-02-15", "year": 2020, "month": 2 }, "geometry": { "type": "Point", "coordinates": [ 13.3792738905, 52.495289689 ] } },
{ "type": "Feature", "properties": { "species": "Parus major", "taxon_id": 203153, "latitude": 52.497520577300001, "longitude": 13.2675419232, "date": "2020-01-31", "year": 2020, "month": 1 }, "geometry": { "type": "Point", "coordinates": [ 13.2675419232, 52.497520577300001 ] } },
{ "type": "Feature", "properties": { "species": "Parus major", "taxon_id": 203153, "latitude": 52.395905333599998, "longitude": 13.064040653399999, "date": "2020-01-25", "year": 2020, "month": 1 }, "geometry": { "type": "Point", "coordinates": [ 13.064040653399999, 52.395905333599998 ] } },
{ "type": "Feature", "properties": { "species": "Parus major", "taxon_id": 203153, "latitude": 52.5200066, "longitude": 13.404954, "date": "2020-01-24", "year": 2020, "month": 1 }, "geometry": { "type": "Point", "coordinates": [ 13.404954, 52.5200066 ] } },
{ "type": "Feature", "properties": { "species": "Parus major", "taxon_id": 203153, "latitude": 52.442177777799998, "longitude": 13.0292305556, "date": "2020-01-23", "year": 2020, "month": 1 }, "geometry": { "type": "Point", "coordinates": [ 13.0292305556, 52.442177777799998 ] } },
{ "type": "Feature", "properties": { "species": "Parus major", "taxon_id": 203153, "latitude": 52.507363652899997, "longitude": 13.2652351189, "date": "2020-01-23", "year": 2020, "month": 1 }, "geometry": { "type": "Point", "coordinates": [ 13.2652351189, 52.507363652899997 ] } },
{ "type": "Feature", "properties": { "species": "Parus major", "taxon_id": 203153, "latitude": 52.5193481445, "longitude": 13.350233078, "date": "2020-01-23", "year": 2020, "month": 1 }, "geometry": { "type": "Point", "coordinates": [ 13.350233078, 52.5193481445 ] } },
{ "type": "Feature", "properties": { "species": "Parus major", "taxon_id": 203153, "latitude": 52.484003549500002, "longitude": 13.317317576500001, "date": "2020-01-18", "year": 2020, "month": 1 }, "geometry": { "type": "Point", "coordinates": [ 13.317317576500001, 52.484003549500002 ] } },
{ "type": "Feature", "properties": { "species": "Parus major", "taxon_id": 203153, "latitude": 52.483941477800002, "longitude": 13.3173984256, "date": "2020-01-18", "year": 2020, "month": 1 }, "geometry": { "type": "Point", "coordinates": [ 13.3173984256, 52.483941477800002 ] } },
{ "type": "Feature", "properties": { "species": "Parus major", "taxon_id": 203153, "latitude": 52.5063956929, "longitude": 13.2682282247, "date": "2020-01-15", "year": 2020, "month": 1 }, "geometry": { "type": "Point", "coordinates": [ 13.2682282247, 52.5063956929 ] } },
{ "type": "Feature", "properties": { "species": "Parus major", "taxon_id": 203153, "latitude": 52.506129956499997, "longitude": 13.2684538265, "date": "2020-01-15", "year": 2020, "month": 1 }, "geometry": { "type": "Point", "coordinates": [ 13.2684538265, 52.506129956499997 ] } },
{ "type": "Feature", "properties": { "species": "Parus major", "taxon_id": 203153, "latitude": 52.528855237800002, "longitude": 13.447787719700001, "date": "2020-01-12", "year": 2020, "month": 1 }, "geometry": { "type": "Point", "coordinates": [ 13.447787719700001, 52.528855237800002 ] } },
{ "type": "Feature", "properties": { "species": "Parus major", "taxon_id": 203153, "latitude": 52.514534, "longitude": 13.3501015, "date": "2020-01-11", "year": 2020, "month": 1 }, "geometry": { "type": "Point", "coordinates": [ 13.3501015, 52.514534 ] } },
{ "type": "Feature", "properties": { "species": "Parus major", "taxon_id": 203153, "latitude": 52.395557403600002, "longitude": 13.025278091400001, "date": "2020-01-08", "year": 2020, "month": 1 }, "geometry": { "type": "Point", "coordinates": [ 13.025278091400001, 52.395557403600002 ] } },
{ "type": "Feature", "properties": { "species": "Parus major", "taxon_id": 203153, "latitude": 52.510568966599998, "longitude": 13.3533658193, "date": "2020-01-02", "year": 2020, "month": 1 }, "geometry": { "type": "Point", "coordinates": [ 13.3533658193, 52.510568966599998 ] } },
{ "type": "Feature", "properties": { "species": "Parus major", "taxon_id": 203153, "latitude": 52.510460138399999, "longitude": 13.347403466, "date": "2020-01-02", "year": 2020, "month": 1 }, "geometry": { "type": "Point", "coordinates": [ 13.347403466, 52.510460138399999 ] } },
{ "type": "Feature", "properties": { "species": "Parus major", "taxon_id": 203153, "latitude": 52.518005371100003, "longitude": 13.344788551300001, "date": "2020-01-02", "year": 2020, "month": 1 }, "geometry": { "type": "Point", "coordinates": [ 13.344788551300001, 52.518005371100003 ] } },
{ "type": "Feature", "properties": { "species": "Parus major", "taxon_id": 203153, "latitude": 52.5162036583, "longitude": 13.3534798733, "date": "2020-01-01", "year": 2020, "month": 1 }, "geometry": { "type": "Point", "coordinates": [ 13.3534798733, 52.5162036583 ] } },
{ "type": "Feature", "properties": { "species": "Parus major", "taxon_id": 203153, "latitude": 52.601674109900003, "longitude": 13.0029598472, "date": "2020-01-01", "year": 2020, "month": 1 }, "geometry": { "type": "Point", "coordinates": [ 13.0029598472, 52.601674109900003 ] } },
{ "type": "Feature", "properties": { "species": "Parus major", "taxon_id": 203153, "latitude": 52.601674109900003, "longitude": 13.0029598472, "date": "2020-01-01", "year": 2020, "month": 1 }, "geometry": { "type": "Point", "coordinates": [ 13.0029598472, 52.601674109900003 ] } }
]
}
